price,brand,PoorCount,GoodRateShow,PreferentialPrice,p_Name,ProductID,keyword,type_f,type_data,GoodCount,type,shop_name,CommentCount,GeneralCount
1000.00,飞利浦（PHILIPS）,400,98,999.00,飞利浦(PHILIPS)吸尘器FC8760/81家用无尘袋大功率(酒红色),729221,吸力很大 电源线够长 功率大 吸尘器不错 吸尘很干净 质量不错 打扫干净 使用方便 噪音小 吸力持久 小巧轻便 外观漂亮 吸力很大 质量不错 配件齐全 吸尘器不错 功率大,,,47000,地面吸头，缝隙吸头，小吸头,飞利浦品牌旗舰店,48000,600
3691.00,DYSON,7,98,3690.00,戴森(Dyson) 吸尘器 V7 FLUFFY手持吸尘器家用除螨无线,4838712,外观漂亮 使用方便 吸尘很干净 吸力很大 打扫干净 吸尘器不错 小巧轻便 质量不错 刷头多样 配件齐全,,,900,电动吸头，床褥沙发吸头，地面吸头，缝隙吸头，毛刷吸头,戴森官方旗舰店,900,10
799.00,小狗（puppy）,200,98,799.00,小狗（puppy） 小型静音除螨大功率家用吸尘器D-9005  ,1351586523,吸尘器不错 吸力很大 质量不错 吸尘很干净 电源线够长 使用方便 打扫干净 功率大 噪音小 吸头很多 吸力持久 小巧轻便 吸尘很干净 易收纳 打扫干净 尘杯容量大 吸力很大 刷头多样 质量不错,,,46000,床褥沙发吸头，地面吸头，缝隙吸头，扁嘴吸头，毛刷吸头，小吸头,小狗电器官方旗舰店,47000,500
2699.00,DYSON,2,98,2590.00,戴森(Dyson) 吸尘器 V6 EXTRA手持吸尘器家用除螨无线,4070741,外观漂亮 小巧轻便 使用方便 吸尘很干净 吸力很大 吸尘器不错 打扫干净 吸头很多 刷头多样 功率大 质量不错 吸尘器不错 小巧轻便 吸头很多 易收纳 小巧轻便 打扫干净 噪音小 使用方便,,,500,电动吸头，床褥沙发吸头，地面吸头，缝隙吸头，扁嘴吸头，毛刷吸头,戴森官方旗舰店,500,10
1200.00,飞利浦（PHILIPS）,80,98,1199.00,飞利浦（PHILIPS）吸尘器FC6162/81无绳充电式手持立式二合一,1077571,使用方便 质量不错 吸尘器不错 吸尘很干净 打扫干净 小巧轻便 外观漂亮 噪音小 吸力很大 配件齐全 易收纳 外观漂亮 打扫干净 质量不错 噪音小 配件齐全,,,10000,地面吸头，缝隙吸头,飞利浦品牌旗舰店,11000,100
2991.00,DYSON,1,99,2990.00,戴森(Dyson) 吸尘器 V6 ANIMAL+手持吸尘器家用除螨无线,4838732,吸力很大 吸尘很干净 吸尘器不错 小巧轻便 吸力持久 打扫干净 配件齐全 外观漂亮 吸头很多 刷头多样 质量不错 刷头多样 使用方便 吸尘器不错 刷头多样 小巧轻便 吸力很大,,,500,电动吸头，床褥沙发吸头，地面吸头，缝隙吸头，毛刷吸头，其他,戴森官方旗舰店,500,5
999.00,小狗（puppy）,100,98,999.00,小狗（puppy）家用无线无绳手持立式充电小型吸尘器D-531,10126937869,使用方便 吸尘器不错 质量不错 吸尘很干净 打扫干净 小巧轻便 外观漂亮 吸力很大 噪音小 易收纳 外观漂亮 不易缠发 打扫干净 节能电机 吸尘器不错,,,16000,电动吸头，床褥沙发吸头，地面吸头，缝隙吸头，扁嘴吸头，毛刷吸头,小狗电器官方旗舰店,17000,100
Y_type,CommentCount,X_type,PreferentialPrice,GeneralCount,price,shop_name,ProductID,PoorCount,F_type,GoodCount,p_Name,brand,keyword,GoodRateShow,type
none,48000,地面吸头，缝隙吸头，小吸头,999.00,600,1000.00,飞利浦品牌旗舰店,729221,400,none,47000,飞利浦(PHILIPS)吸尘器FC8760/81家用无尘袋大功率(酒红色),飞利浦（PHILIPS）,吸力很大 电源线够长 功率大 吸尘器不错 吸尘很干净 质量不错 打扫干净 使用方便 噪音小 吸力持久 小巧轻便 外观漂亮 吸力很大 质量不错 配件齐全 吸尘器不错 功率大,98,"飞利浦FC8760/81,729221,9.87kg,中国大陆,地板，地毯，瓷砖，厨房，沙发，床铺,水洗尘杯，旋风过滤,卧式吸尘器,电源式（5米-10米）,1800w及以上,地面吸头，缝隙吸头，小吸头"
none,900,电动吸头，床褥沙发吸头，地面吸头，缝隙吸头，毛刷吸头,3690.00,10,3691.00,戴森官方旗舰店,4838712,7,none,900,戴森(Dyson) 吸尘器 V7 FLUFFY手持吸尘器家用除螨无线,DYSON,外观漂亮 使用方便 吸尘很干净 吸力很大 打扫干净 吸尘器不错 小巧轻便 质量不错 刷头多样 配件齐全,98,"DYSONDYSON V7 FLUFFY,4838712,4.65kg,马来西亚,地板，地毯，瓷砖，厨房，沙发，床铺，汽车,水洗滤网，旋风过滤，除螨,无线吸尘器,充电式（无线）,500W以下,电动吸头，床褥沙发吸头，地面吸头，缝隙吸头，毛刷吸头"
none,47000,床褥沙发吸头，地面吸头，缝隙吸头，扁嘴吸头，毛刷吸头，小吸头,799.00,500,799.00,小狗电器官方旗舰店,1351586523,200,none,46000,小狗（puppy） 小型静音除螨大功率家用吸尘器D-9005  ,小狗（puppy）,吸尘器不错 吸力很大 质量不错 吸尘很干净 电源线够长 使用方便 打扫干净 功率大 噪音小 吸头很多 吸力持久 小巧轻便 吸尘很干净 易收纳 打扫干净 尘杯容量大 吸力很大 刷头多样 质量不错,98,"小狗（puppy） 小型静音除螨大功率家用吸尘器D-9005  ,1351586523, ,8.9kg,中国大陆,D-9005,地板，地毯，瓷砖，厨房，沙发，床铺，酒店,水洗尘杯，水洗滤网，旋风过滤，除螨,卧式吸尘器,电源式（5米-10米）,1400w-1799w,床褥沙发吸头，地面吸头，缝隙吸头，扁嘴吸头，毛刷吸头，小吸头"
none,500,电动吸头，床褥沙发吸头，地面吸头，缝隙吸头，扁嘴吸头，毛刷吸头,2590.00,10,2699.00,戴森官方旗舰店,4070741,2,none,500,戴森(Dyson) 吸尘器 V6 EXTRA手持吸尘器家用除螨无线,DYSON,外观漂亮 小巧轻便 使用方便 吸尘很干净 吸力很大 吸尘器不错 打扫干净 吸头很多 刷头多样 功率大 质量不错 吸尘器不错 小巧轻便 吸头很多 易收纳 小巧轻便 打扫干净 噪音小 使用方便,98,"DYSONDYSON V6 EXTRA,4070741,4.21kg,马来西亚,地板，地毯，瓷砖，厨房，沙发，床铺，汽车,水洗滤网，旋风过滤，除螨,无线吸尘器,500W以下,电动吸头，床褥沙发吸头，地面吸头，缝隙吸头，扁嘴吸头，毛刷吸头"
none,11000,地面吸头，缝隙吸头,1199.00,100,1200.00,飞利浦品牌旗舰店,1077571,80,none,10000,飞利浦（PHILIPS）吸尘器FC6162/81无绳充电式手持立式二合一,飞利浦（PHILIPS）,使用方便 质量不错 吸尘器不错 吸尘很干净 打扫干净 小巧轻便 外观漂亮 噪音小 吸力很大 配件齐全 易收纳 外观漂亮 打扫干净 质量不错 噪音小 配件齐全,98,"飞利浦FC6162/81,1077571,4.33kg,广东珠海,地板，地毯，瓷砖，厨房，沙发，床铺,水洗尘杯，水洗滤网，旋风过滤,立式/手持吸尘器,充电式（无线）,地面吸头，缝隙吸头"
GoodCount,F_type,GoodRateShow,price,keyword,type,PoorCount,X_type,CommentCount,GeneralCount,brand,shop_name,ProductID,p_Name,PreferentialPrice,Y_type
47000,none,98,1000.00,吸力很大 电源线够长 功率大 吸尘器不错 吸尘很干净 质量不错 打扫干净 使用方便 噪音小 吸力持久 小巧轻便 外观漂亮 吸力很大 质量不错 配件齐全 吸尘器不错 功率大,"飞利浦FC8760/81,729221,9.87kg,中国大陆,地板，地毯，瓷砖，厨房，沙发，床铺,水洗尘杯，旋风过滤,卧式吸尘器,电源式（5米-10米）,1800w及以上,地面吸头，缝隙吸头，小吸头",400,地面吸头，缝隙吸头，小吸头,48000,600,飞利浦（PHILIPS）,飞利浦品牌旗舰店,729221,飞利浦(PHILIPS)吸尘器FC8760/81家用无尘袋大功率(酒红色),999.00,none
900,none,98,3691.00,外观漂亮 使用方便 吸尘很干净 吸力很大 打扫干净 吸尘器不错 小巧轻便 质量不错 刷头多样 配件齐全,"DYSONDYSON V7 FLUFFY,4838712,4.65kg,马来西亚,地板，地毯，瓷砖，厨房，沙发，床铺，汽车,水洗滤网，旋风过滤，除螨,无线吸尘器,充电式（无线）,500W以下,电动吸头，床褥沙发吸头，地面吸头，缝隙吸头，毛刷吸头",7,电动吸头，床褥沙发吸头，地面吸头，缝隙吸头，毛刷吸头,900,10,DYSON,戴森官方旗舰店,4838712,戴森(Dyson) 吸尘器 V7 FLUFFY手持吸尘器家用除螨无线,3690.00,none
5900,none,98,3599.00,榨汁速度快 声音小 榨汁很好 好清洗 东西不错 速度快 料理机很好 还可以吧 果汁细腻 出汁率很高,"惠人HU26RG3L,2770990,9.11kg,韩国,榨汁，豆腐，冰淇淋奶昔，豆浆，其他,0-50转/分,按键式,原汁机",70,none,6000,50,惠人（HUROM）,HUROM/惠人官方旗舰店,2770990,惠人（HUROM）HU26RG3L 原汁机低速榨汁机家用多功能新三代,2598.00,none
94000,单冷,90,599.00,还可以吧 送货快 比风扇好 风扇不错 风挺大的 送冰晶 外型好看 冷风效果好 加冰很凉快 尺寸合适 加了冰晶 外型好看 风扇不错 送货快 尺寸合适 冷风效果好 水箱很大,"先锋DG091,372811,7.73kg,宁波慈溪,DG091(FK-L19A/R),5-7L,2-8小时,三档调节,正常风、自然风、睡眠风,单冷,遥控式,竖出风",2800,none,100000,7200,先锋（SINGFUN）,先锋两季品旗舰店,372811,先锋（Singfun）大风量遥控空调扇/冷风扇/电风扇DG091,329.00,单冷
250000,落地扇,95,329.00,遥控方便 安装方便 风扇不错 风力很大 质量不错 使用方便 噪音很小 底座很稳 风很柔和 睡眠风不错 质量不错 远程遥控 安全节能 风力很大 噪音很小,"美的FS40-13ER,1069555,8.5kg,中国大陆,2-8小时,三档调节,正常风、自然风、睡眠风,5片,1级,遥控式,落地扇",4200,none,260000,6700,美的（Midea）,美的两季品旗舰店,1069555,美的（Midea）FS40-13ER 五叶遥控落地扇/电风扇,199.00,落地扇
46000,none,98,799.00,吸尘器不错 吸力很大 质量不错 吸尘很干净 电源线够长 使用方便 打扫干净 功率大 噪音小 吸头很多 吸力持久 小巧轻便 吸尘很干净 易收纳 打扫干净 尘杯容量大 吸力很大 刷头多样 质量不错,"小狗（puppy） 小型静音除螨大功率家用吸尘器D-9005  ,1351586523, ,8.9kg,中国大陆,D-9005,地板，地毯，瓷砖，厨房，沙发，床铺，酒店,水洗尘杯，水洗滤网，旋风过滤，除螨,卧式吸尘器,电源式（5米-10米）,1400w-1799w,床褥沙发吸头，地面吸头，缝隙吸头，扁嘴吸头，毛刷吸头，小吸头",200,床褥沙发吸头，地面吸头，缝隙吸头，扁嘴吸头，毛刷吸头，小吸头,47000,500,小狗（puppy）,小狗电器官方旗舰店,1351586523,小狗（puppy） 小型静音除螨大功率家用吸尘器D-9005  ,799.00,none
16000,none,98,6880.00,榨汁很好 出汁率很高 果汁细腻 使用方便 好清洗 声音小 榨汁速度快 东西不错 速度快 料理机很好,"惠人HUZK24FR,1676728,8.28kg,韩国,榨汁，豆腐，冰淇淋奶昔，豆浆,0-50转/分,按键式,原汁机",100,none,16000,100,惠人（HUROM）,HUROM/惠人官方旗舰店,1676728,惠人（HUROM）HUZK24FR升级版原汁机低速榨汁机HUZK24WNM,1998.00,none
46000,单冷,89,599.00,还可以吧 送货快 比风扇好 风挺大的 风扇不错 外型好看 尺寸合适 送冰晶 加冰很凉快 冷风效果好,"奥克斯FLS-120F-1,1071127,7.6kg,浙江宁波,5-7L,2-8小时,三档调节,正常风、自然风、睡眠风,单冷,遥控式,竖出风",2300,none,52000,3700,奥克斯（AUX）,奥克斯两季品旗舰店,1071127,奥克斯（AUX）遥控冷风扇/空调扇/电风扇FLS-120F-1 ,299.00,单冷
35000,落地扇,97,299.00,风扇不错 安装方便 质量不错 遥控方便 噪音很小 底座很稳 造型美观 使用方便 风力很大 远程遥控 风很柔和 风力很大 噪音很小 广角送风 安装方便,"格力FD-40X64Bh5,3899679,7.3kg,中国大陆,2-8小时,三档调节,正常风、自然风、睡眠风,5片,1级,遥控式,落地扇",400,none,37000,600,格力（GREE）,格力生活电器旗舰店,3899679,格力（GREE）FD-40X64Bh5  五叶遥控落地扇/电风扇,188.00,落地扇
500,none,98,2699.00,外观漂亮 小巧轻便 使用方便 吸尘很干净 吸力很大 吸尘器不错 打扫干净 吸头很多 刷头多样 功率大 质量不错 吸尘器不错 小巧轻便 吸头很多 易收纳 小巧轻便 打扫干净 噪音小 使用方便,"DYSONDYSON V6 EXTRA,4070741,4.21kg,马来西亚,地板，地毯，瓷砖，厨房，沙发，床铺，汽车,水洗滤网，旋风过滤，除螨,无线吸尘器,500W以下,电动吸头，床褥沙发吸头，地面吸头，缝隙吸头，扁嘴吸头，毛刷吸头",2,电动吸头，床褥沙发吸头，地面吸头，缝隙吸头，扁嘴吸头，毛刷吸头,500,10,DYSON,戴森官方旗舰店,4070741,戴森(Dyson) 吸尘器 V6 EXTRA手持吸尘器家用除螨无线,2590.00,none
21000,none,100,2399.00,使用方便 东西不错 料理机很好 果汁细腻 好清洗 速度快 榨汁很好 榨汁速度快 出汁率很高 声音小 好清洗 榨汁速度快 果汁细腻 使用方便 榨汁很好 果汁细腻,"奥克斯(AUX)936 破壁料理机加热家用果汁机榨汁机辅食机原汁机豆浆机搅拌机 破壁机变频,1766038083, ,9.0kg,中国大陆,AP001,25000转/分及以上,3-5人,料理/辅食机,八档以上,塑料,搅拌，榨汁，碎肉，研磨，和面，打蛋，碎冰，五谷类粉,触摸式",10,none,21000,40,奥克斯（AUX）,奥克斯厨房小电旗舰店,1766038083,奥克斯(AUX)936 破壁料理机加热家用果汁机榨汁机辅食机原汁机豆浆机搅拌机 破壁机变频,1780.00,none
7800,单冷,90,439.00,送货快 外型好看 风扇不错 比风扇好 声音小 尺寸合适 冷风效果好 加湿空气 风挺大的 送冰晶,"格力KS-0602ehG-wg,848301,11.39kg,中山,5-7L,无定时,四档调节,正常风,单冷,机械式,竖出风",300,none,8700,500,格力（GREE）,格力生活电器旗舰店,848301,格力（GREE）KS-0602ehG-wg 冷风扇/空调扇,369.00,单冷
170000,落地扇，空气循环扇,96,239.00,风扇不错 安装方便 风力很大 质量不错 使用方便 底座很稳 造型美观 风很柔和 安全节能 颜色漂亮 遥控方便 使用方便 安装方便 底座很稳,"奥克斯FS-40-A1613,1058010,6.6kg,中国大陆,三档调节,正常风,5片,1级,机械式,落地扇，空气循环扇",2500,none,180000,5600,奥克斯（AUX）,奥克斯电风扇旗舰店,1058010,奥克斯（AUX）FS-40-A1613 电风扇/酷黑五扇叶落地扇,109.00,落地扇，空气循环扇
10000,none,98,1200.00,使用方便 质量不错 吸尘器不错 吸尘很干净 打扫干净 小巧轻便 外观漂亮 噪音小 吸力很大 配件齐全 易收纳 外观漂亮 打扫干净 质量不错 噪音小 配件齐全,"飞利浦FC6162/81,1077571,4.33kg,广东珠海,地板，地毯，瓷砖，厨房，沙发，床铺,水洗尘杯，水洗滤网，旋风过滤,立式/手持吸尘器,充电式（无线）,地面吸头，缝隙吸头",80,地面吸头，缝隙吸头,11000,100,飞利浦（PHILIPS）,飞利浦品牌旗舰店,1077571,飞利浦（PHILIPS）吸尘器FC6162/81无绳充电式手持立式二合一,1199.00,none
86000,none,94,299.00,榨汁速度快 榨汁很好 使用方便 速度快 出汁率很高 东西不错 声音小 好清洗 一般 还可以吧,"九阳JYZ-D51,1000543,2.5kg,中国大陆,榨汁,15001转/分(含)-18000转/分(含),旋钮式,电动榨汁机",1700,none,92000,3600,九阳（Joyoung）,九阳厨房电器旗舰店,1000543,九阳（Joyoung）榨汁机（汁渣分离）家用果汁机JYZ-D51,149.00,none
11000,单冷,91,699.00,送货快 风挺大的 外型好看 风扇不错 比风扇好 比风扇风大 冷风效果好 尺寸合适 比空调省电 智能操作,"艾美特CFTW10-14,829747,10.04kg,中国,3-5L,8小时以上,四档调节,正常风、自然风、睡眠风,单冷,遥控式,竖出风",300,none,12000,700,艾美特（AIRMATE）,艾美特生活电器旗舰店,829747,艾美特(Airmate) CFTW10-14 塔式遥控冷风扇/塔扇/空调扇/电风扇,529.00,单冷
18000,塔扇,94,799.00,造型美观 安装方便 遥控方便 风很柔和 使用方便 风扇不错 质量不错 噪音很小 颜色漂亮 远程遥控,"艾美特FT41R,4533788,5.26kg,中国,2-8小时,三档调节,正常风,无叶,无,遥控式,塔扇",300,none,19000,600,艾美特（AIRMATE）,艾美特生活电器旗舰店,4533788,艾美特(Airmate) FT41R 遥控塔扇/电风扇,309.00,塔扇
500,none,99,2991.00,吸力很大 吸尘很干净 吸尘器不错 小巧轻便 吸力持久 打扫干净 配件齐全 外观漂亮 吸头很多 刷头多样 质量不错 刷头多样 使用方便 吸尘器不错 刷头多样 小巧轻便 吸力很大,"DYSONDYSON V6 ANIMAL+,4838732,4.43kg,马来西亚,地板，地毯，瓷砖，厨房，沙发，床铺，汽车,水洗滤网，旋风过滤，除螨,无线吸尘器,充电式（无线）,500W以下,电动吸头，床褥沙发吸头，地面吸头，缝隙吸头，毛刷吸头，其他",1,电动吸头，床褥沙发吸头，地面吸头，缝隙吸头，毛刷吸头，其他,500,5,DYSON,戴森官方旗舰店,4838732,戴森(Dyson) 吸尘器 V6 ANIMAL+手持吸尘器家用除螨无线,2990.00,none
18000,none,97,1799.00,榨汁很好 榨汁速度快 出汁率很高 东西不错 使用方便 速度快 好清洗 果汁细腻 声音小 料理机很好,"飞利浦HR1871/00,491148,6.46kg,中国大陆,5人以上,二档(含)-五档(含),不锈钢,榨汁,旋钮式",100,none,18000,300,飞利浦（PHILIPS）,飞利浦厨房电器旗舰店,491148,飞利浦（PHILIPS）榨汁机 HR1871/00 果汁机家用 不锈钢外壳 大口径 防滴漏,659.00,none
46000,冷暖,89,799.00,送货快 东西不错 送冰晶 比风扇好 风挺大的 风扇不错 尺寸合适 冷风效果好 外型好看 加了冰晶 比风扇好,"奥克斯NFS-20F-1,1071138,8.16kg,浙江宁波,5-7L,2-8小时,三档调节,正常风、自然风、睡眠风,冷暖,遥控式,竖出风",2300,none,52000,3700,奥克斯（AUX）,奥克斯两季品旗舰店,1071138,奥克斯（AUX）遥控冷暖冷风扇/空调扇/电风扇/取暖器NFS-20F-1 ,349.00,冷暖
72000,落地扇,97,319.00,风扇不错 质量不错 安装方便 风力很大 噪音很小 使用方便 底座很稳 风很柔和 电机好 声音小,"美的FS40-13C,1077868,8.56kg,中国大陆,2小时以下,三档调节,正常风,5片,1级,机械式,落地扇",900,none,75000,1600,美的（Midea）,美的两季品旗舰店,1077868,美的（Midea）FS40-13C 五叶落地扇/电风扇,189.00,落地扇
16000,none,98,999.00,使用方便 吸尘器不错 质量不错 吸尘很干净 打扫干净 小巧轻便 外观漂亮 吸力很大 噪音小 易收纳 外观漂亮 不易缠发 打扫干净 节能电机 吸尘器不错,"小狗（puppy）家用无线无绳手持立式充电小型吸尘器D-531,10126937869, ,3.0kg,中国大陆,D-531,地板，地毯，瓷砖，厨房，沙发，床铺，汽车，酒店,水洗尘杯，水洗滤网，旋风过滤，除螨,无线吸尘器,充电式（无线）,500W以下,电动吸头，床褥沙发吸头，地面吸头，缝隙吸头，扁嘴吸头，毛刷吸头",100,电动吸头，床褥沙发吸头，地面吸头，缝隙吸头，扁嘴吸头，毛刷吸头,17000,100,小狗（puppy）,小狗电器官方旗舰店,10126937869,小狗（puppy）家用无线无绳手持立式充电小型吸尘器D-531,999.00,none
41000,none,97,499.00,榨汁速度快 使用方便 榨汁很好 东西不错 好清洗 速度快 出汁率很高 果汁细腻 还可以吧 料理机很好,"飞利浦HR1832/02,1003105,2.75kg,中国广东深圳,电动榨汁机",400,none,43000,900,飞利浦（PHILIPS）,飞利浦厨房电器旗舰店,1003105,飞利浦（PHILIPS）榨汁机 HR1832/02 迷你果汁机家用  防滴漏,289.00,none
4200,单冷,89,1199.00,还可以吧 风挺大的 风扇不错 外型好看 噪音很小 送货快 比风扇好 声音小 冷风效果好 送冰晶 送货快 声音小,"艾美特CFTW08,152535,6.58kg,中国,3-5L,8小时以上,五档及以上,正常风,单冷,遥控式,竖出风",200,none,4700,300,艾美特（AIRMATE）,艾美特生活电器旗舰店,152535,艾美特(Airmate) CFTW08 塔式遥控冷风扇/塔扇/空调扇/电风扇,999.00,单冷
320000,落地扇,96,299.00,风扇不错 安装方便 遥控方便 质量不错 噪音很小 使用方便 风力很大 风很柔和 远程遥控 底座很稳 颜色漂亮 安装方便 遥控方便 风很柔和 质量不错,"艾美特FSW52R,595936,6.82kg,中国,2-8小时,三档调节,正常风,3片,1级,遥控式,落地扇",4000,none,340000,8700,艾美特（AIRMATE）,艾美特生活电器旗舰店,595936,艾美特(Airmate) FSW52R 遥控落地扇/电风扇,209.00,落地扇
7900,none,99,999.00,吸力很大 电源线够长 使用方便 吸尘很干净 吸尘器不错 质量不错 打扫干净 功率大 噪音小 东西不错 使用方便 配件齐全 尘杯容量大 吸力很大 吸尘器不错 功率大 打扫干净 尘杯容量大 吸尘很干净 吸力很大 功率大 吸尘器不错 电源线够长,"莱克VC-B501,1419129,3.48kg,中国大陆,沙发，床铺,水洗尘杯，水洗滤网，旋风过滤，除螨,除螨仪",20,none,8000,50,莱克（LEXY）,莱克旗舰店,1419129,莱克（LEXY）除螨仪小型手持床铺除螨机家用吸尘器VC-B501,639.00,none
400,none,97,4580.00,,"惠人HU28WN3L,4406840,10.8kg,韩国,榨汁，豆腐，冰淇淋奶昔，豆浆,0-50转/分,按键式,原汁机",6,none,400,7,惠人（HUROM）,HUROM/惠人官方旗舰店,4406840,惠人（HUROM）HU28WN3L 韩国进口家用原汁机低速榨汁机新三代 红色,2680.00,none
2500,单冷,88,799.00,外型好看 冷风效果好 风扇不错 比风扇好 送货快 比空调省电 风挺大的 加冰很凉快 制冷效果好 比风扇风大 净化空气 智能操作 加了冰晶 加冰很凉快 风扇不错 可以驱蚊 加湿空气 风挺大的 风扇不错 水箱很大,"格力（GREE)KS-0502Db 家用节能遥控制冷小空调扇 办公宿舍移动省电冷风扇冷风机 GREE格力,10229706583, ,12.56kg,中国大陆,KS-0502Db,3-5L,8小时以上,四档调节,正常风,单冷,遥控式,横出风",100,none,2800,100,格力（GREE）,格力明达丰专卖店,10229706583,格力（GREE)KS-0502Db 家用节能遥控制冷小空调扇 办公宿舍移动省电冷风扇冷风机 GREE格力,439.00,单冷
140000,落地扇,96,239.00,风扇不错 安装方便 质量不错 风力很大 噪音很小 使用方便 底座很稳 风很柔和 声音小 电机好 风力很大 质量不错 安装方便 小清新 厚重耐磨 电机好 使用方便 风扇不错 底座很稳 安装方便 扇网坚固 底座很稳,"格力FD-4013JD,603496,6.9kg,中国大陆,2小时以下,三档调节,正常风,3片,1级,机械式,落地扇",1700,none,150000,4500,格力（GREE）,格力生活电器旗舰店,603496,格力（GREE）FD-4013JD 机械式落地扇/电风扇,148.00,落地扇
7900,none,98,1000.00,吸力很大 吸尘很干净 吸尘器不错 外观漂亮 质量不错 使用方便 打扫干净 电源线够长 功率大 吸头很多 电源线够长 干湿两用 功率大 质量不错 防撞保护 吸力持久,"飞利浦FC5833/81,2267834,8.06kg,中国大陆,地板，地毯，瓷砖，厨房，沙发，床铺,水洗尘杯，水洗滤网，旋风过滤,卧式吸尘器,电源式（5米-10米）,1400w-1799w,床褥沙发吸头，地面吸头，缝隙吸头，毛刷吸头，小吸头",90,床褥沙发吸头，地面吸头，缝隙吸头，毛刷吸头，小吸头,8100,100,飞利浦（PHILIPS）,飞利浦品牌旗舰店,2267834,飞利浦（PHILIPS）吸尘器FC5833/81家用无尘袋大功率（薄荷绿）,999.00,none
900,none,98,4580.00,,"惠人HUZK2700WN,4144909,10.82kg,韩国,0-50转/分,其它,原汁机,榨汁，豆腐，冰淇淋奶昔，豆浆，其他,其他",10,none,1000,8,惠人（HUROM）,HUROM/惠人官方旗舰店,4144909,惠人（HUROM）HUZK2700WN 三代升级款 原汁机家用低速榨汁机,3380.00,none
19000,单冷,89,399.00,还可以吧 送货快 风扇不错 比风扇好 送冰晶 风挺大的 冷风效果好 加湿空气 外型好看 尺寸合适 净化空气 送冰晶 送货快,"奥克斯FLS-120M,1071128,5.53kg,浙江宁波,3-5L,无定时,三档调节,正常风,单冷,机械式,竖出风",900,none,22000,1500,奥克斯（AUX）,奥克斯两季品旗舰店,1071128,奥克斯（AUX）机械冷风扇/空调扇/电风扇FLS-120M,219.00,单冷
1600,落地扇，塔扇,97,4691.00,造型美观 风很柔和 风扇不错 质量不错 遥控方便 噪音很小 安装方便 安全节能 风力很大 颜色漂亮,"戴森AM07,1182248,5.14kg,马来西亚,8小时以上,五档以上,正常风，正常风、自然风，正常风、自然风、睡眠风,落地扇，塔扇,遥控式,无叶",10,none,1700,30,DYSON,戴森官方旗舰店,1182248,戴森(Dyson) AM07白银 落地式无叶电风扇/塔扇,2990.00,落地扇，塔扇
10000,none,99,1599.00,使用方便 吸尘器不错 质量不错 吸尘很干净 打扫干净 外观漂亮 噪音小 吸力很大 小巧轻便 功率大,"莱克VC-SP1001D-10,1120207,5.26kg,中国大陆,地板，地毯，瓷砖,水洗尘杯，水洗滤网,无线吸尘器",40,none,10000,100,莱克（LEXY）,莱克旗舰店,1120207,莱克吸尘器 VC-SP1001D-10家用无线手持吸尘器车用,799.00,none
2500,none,99,3980.00,料理机很好 使用方便 东西不错 榨汁很好 果汁细腻 榨汁速度快 速度快 出汁率很高 好清洗 绞肉不错 速度快 使用方便 榨汁很好 使用方便 东西不错 料理机很好 使用方便 东西不错 好清洗 打蛋很方便 榨汁很好 出汁率很高 榨汁速度快 料理机很好,"美国西屋（Westinghouse）破壁料理机加热轻便不锈钢家用辅食原汁机榨汁机 LS0301升级版,10478677488, ,5.3kg,自动清洗,25000转/分及以上,按键式,料理/辅食机,手动,其他,搅拌，榨汁，研磨，碎冰，五谷类粉，冰淇淋/奶昔,3-5人",10,none,2600,10,西屋（Westinghouse）,西屋旗舰店,10478677488,美国西屋（Westinghouse）破壁料理机加热轻便不锈钢家用辅食原汁机榨汁机 LS0301升级版,2580.00,none
5400,单冷,92,649.00,送货快 风挺大的 比风扇好 外型好看 风扇不错 比风扇风大 水箱很大 送冰晶 加冰很凉快 冷风效果好,"美的AC120-16BRW,2355515,10.16kg,中国大陆,7L以上,2-8小时,三档调节,正常风、自然风、睡眠风,单冷,遥控式,横出风",100,none,5900,300,美的（Midea）,美的两季品旗舰店,2355515,美的（Midea）AC120-16BRW 遥控冷风扇/空调扇/电风扇,499.00,单冷
97000,落地扇,96,199.00,风力很大 安装方便 风扇不错 质量不错 使用方便 底座很稳 造型美观 颜色漂亮 噪音很小 扇网坚固 噪音很小 安装方便 质量不错 风力很大 广角送风,"先锋DD1701,3998821,5.84kg,浙江宁波,DD1701(DLD-D1),无定时,三档调节,正常风,5片,2级,机械式,落地扇",1500,none,100000,2800,先锋（SINGFUN）,先锋两季品旗舰店,3998821,先锋（Singfun）大风量电风扇/落地扇 DD1701,109.00,落地扇
48000,none,97,499.00,吸力很大 吸尘器不错 吸尘很干净 使用方便 质量不错 打扫干净 电源线够长 功率大 吸头很多 小巧轻便,"美的C3-L148B,1312738,6.86kg,中国大陆,地板，地毯，瓷砖，厨房，床铺,水洗尘杯，旋风过滤,卧式吸尘器,电源式（5米-10米）,1000w-1399w,地面吸头，扁嘴吸头，毛刷吸头",400,地面吸头，扁嘴吸头，毛刷吸头,49000,700,美的（Midea）,美的吸尘器旗舰店,1312738,美的（Midea）吸尘器C3-L148B家用无耗材卧式吸尘器,369.00,none
11000,none,99,2399.00,东西不错 使用方便 料理机很好 果汁细腻 速度快 好清洗 榨汁很好 榨汁速度快 出汁率很高 声音小 果汁细腻 榨汁速度快 东西不错 速度快 料理机很好 速度快 料理机很好,"奥克斯（AUX）962破壁料理机 加热破壁机 榨汁机家用原汁机豆浆机辅食机搅拌机果汁机,10355761948, ,9.0kg,中国大陆,自动清洗,25000转/分及以上,触摸式,料理/辅食机,八档以上,塑料,搅拌，榨汁，碎肉，研磨，碎冰，五谷类粉,3-5人",40,none,11000,60,奥克斯（AUX）,奥克斯厨房小电旗舰店,10355761948,奥克斯（AUX）962破壁料理机 加热破壁机 榨汁机家用原汁机豆浆机辅食机搅拌机果汁机,1599.00,none
1700,单冷,88,1238.00,风扇不错 比风扇好 风挺大的 加冰很凉快 冷风效果好 外型好看 比空调省电 送冰晶 制冷效果好 送货快 声音小 噪音很小 节能 APP遥控 净化空气,"格力（GREE）家用遥控移动小空调扇/冷气扇/制冷风扇KS-0505D-WG,1589452655, ,9.35kg,KS-0505D-wg,3-5L,8小时以上,四档调节,正常风,单冷,遥控式,横出风",100,none,1900,90,格力（GREE）,格力TOSOT旗舰店,1589452655,格力（GREE）家用遥控移动小空调扇/冷气扇/制冷风扇KS-0505D-WG,499.00,单冷
170000,落地扇,96,309.00,风扇不错 质量不错 安装方便 风力很大 使用方便 噪音很小 底座很稳 风很柔和 造型美观 安全节能 风力很大 风很柔和 底座很稳 使用方便 安全节能,"艾美特FSW65T2-5,829764,6.82kg,中国,2小时以下,三档调节,正常风,5片,1级,机械式,落地扇",2400,none,180000,5600,艾美特（AIRMATE）,艾美特生活电器旗舰店,829764,艾美特(Airmate) FSW65T2-5 五叶落地扇/电风扇,179.00,落地扇
55000,none,99,499.00,吸尘器不错 使用方便 小巧轻便 外观漂亮 吸尘很干净 电源线够长 质量不错 吸力很大 打扫干净 噪音小,"小狗D-607,2963900,1.89kg,江苏省-苏州市,D-607,沙发，床铺,水洗尘杯，水洗滤网，除螨,除螨仪,电源式（5米以下）,500W以下,其他",200,其他,56000,500,小狗（puppy）,小狗电器自营旗舰店,2963900,小狗（puppy）小型手持床铺除螨机除螨仪家用吸尘器D-607,279.00,none
4000,none,98,599.00,,"摩飞电器MR9200,2776378,1.935kg,中国大陆,榨汁，豆腐，冰淇淋奶昔，碎冰，豆浆，其他,20000转/分(含)以上,旋钮式,原汁机",40,none,4000,40,摩飞电器（Morphyrichards）,摩飞旗舰店,2776378,摩飞（ Morphyrichards ）料理机榨汁机 家用果汁机搅拌奶昔果汁双杯MR9200,298.00,none
3900,单冷,88,628.00,还可以吧 送货快 比风扇好 外型好看 风挺大的 风扇不错 冷风效果好 尺寸合适 加冰很凉快 送冰晶 比空调省电 净化空气 加湿空气 加了冰晶 噪音很小,"格力KS-0505D-wg,848320,11.2kg,中山,5-7L,8小时以上,四档调节,正常风、自然风、睡眠风,单冷,遥控式,横出风",100,none,4500,300,格力（GREE）,格力生活电器旗舰店,848320,格力（GREE）KS-0505D-wg 遥控冷风扇/空调扇,499.00,单冷
92000,落地扇,94,268.00,遥控方便 安装方便 风力很大 风扇不错 质量不错 使用方便 远程遥控 底座很稳 风很柔和 噪音很小 安装方便,"康佳KF-40LY01,1093073,6.2kg,中国大陆,2-8小时,三档调节,正常风、自然风、睡眠风,5片,2级,遥控式,落地扇",2200,none,98000,4000,康佳（KONKA）,康佳两季品旗舰店,1093073,康佳（KONKA）遥控电风扇/落地扇/五扇叶遥控落地扇KF-40LY01,139.00,落地扇
140000,none,97,298.00,使用方便 吸力很大 电源线够长 吸尘器不错 吸尘很干净 质量不错 打扫干净 东西不错 功率大 吸头很多 配件齐全 吸尘很干净 打扫干净 使用方便 电源线够长 电源线够长 小巧轻便 小巧轻便 吸尘器不错,"德尔玛DX128C,1042114,1.82kg,广东佛山,地面吸头，扁嘴吸头，毛刷吸头,地板，地毯，沙发,500w-999w,立式/手持吸尘器",900,地面吸头，扁嘴吸头，毛刷吸头,140000,3200,德尔玛（Deerma）,德尔玛官方旗舰店,1042114,德尔玛（Deerma） DX128C 家用 吸尘器 迷你 手持小型 推杆吸尘器 有效除螨,99.00,none
3600,none,97,1000.00,,"九阳JYZ-V15,2630899,4.35kg,中国大陆,0-50转/分,按键式,原汁机,榨汁，冰淇淋奶昔，豆浆,其他",50,none,3700,70,九阳（Joyoung）,九阳厨房电器旗舰店,2630899,九阳（Joyoung）JYZ-V15榨汁机家用多功能原汁机果汁机（出汁率高）可制作冰淇淋,699.00,none
2500,单冷,92,469.00,加冰很凉快 外型好看 加湿空气 冷风效果好 送货快 比风扇好 风挺大的 节能 净化空气 智能操作,"康佳KF-LY28-Y,4594008,7.32kg,中国大陆,3-5L,2-8小时,三档调节,正常风、自然风、睡眠风,单冷,遥控式,竖出风",80,none,2700,100,康佳（KONKA）,康佳两季品旗舰店,4594008,康佳（KONKA）遥控冷风扇/空调扇/冷风机/电风扇KF-LY28-Y,279.00,单冷
200,落地扇，塔扇，空气循环扇,96,4691.00,适合宝宝 颜色漂亮 遥控方便 安装方便 噪音很小 风很柔和 风力很大 风扇不错 造型美观 使用方便 质量不错 造型美观 风很柔和 噪音很小 颜色漂亮 风力很大 造型美观 电机好 遥控方便,"DYSONTP00白银,4071591,5.42kg,马来西亚,308774-01,8小时以上,五档以上,正常风、自然风、睡眠风,无叶,无,遥控式,落地扇，塔扇，空气循环扇",6,none,200,3,DYSON,戴森官方旗舰店,4071591,戴森(Dyson) TP00空气净化风扇/电风扇/塔扇 净化PM0.1和甲醛+强劲气流 循环室内空气 银白,4690.00,落地扇，塔扇，空气循环扇
7900,none,97,1200.00,吸力很大 吸尘器不错 吸尘很干净 功率大 打扫干净 还可以吧 使用方便 质量不错 配件齐全 电源线够长 吸力很大 打扫干净 东西不错 功率大 质量不错 吸力很大 质量不错 吸尘器不错 电源线够长 噪音小 吸头很多 配件齐全 打扫干净 外观漂亮 质量不错 吸尘很干净,"杰诺吸尘器干湿两用大功率工业大型桶式吸尘器 酒店宾馆地毯洗车场工厂车间商用吸尘器50L,1055989295, ,14.48kg,202-50L升级版,地板，地毯，瓷砖，酒店，工业,HEPA滤网（HEPA13及以上），水洗滤网，干湿两用,桶式吸尘器,电源式（5米-10米）,1800w及以上,地面吸头，缝隙吸头，扁嘴吸头，毛刷吸头，其他",100,地面吸头，缝隙吸头，扁嘴吸头，毛刷吸头，其他,8100,100,杰诺,杰诺官方旗舰店,1055989295,杰诺吸尘器干湿两用大功率工业大型桶式吸尘器 酒店宾馆地毯洗车场工厂车间商用吸尘器50L,599.00,none
22000,none,97,799.00,,"九阳JYZ-V1（升级）,3911250,4.2kg,中国大陆,榨汁，冰淇淋奶昔，豆浆,0-50转/分,按键式,原汁机",300,none,23000,400,九阳（Joyoung）,九阳厨房电器旗舰店,3911250,九阳（Joyoung）榨汁机家用原汁机智能JYZ-V1（升级）,499.00,none
7300,冷暖,91,499.00,送货快 比风扇好 送冰晶 风挺大的 风扇不错 尺寸合适 外型好看 加了冰晶 冷风效果好 加冰很凉快 送货快 外型好看 净化空气 大水箱,"澳柯玛LRG3-MD08,1380707,6.0kg,中国青岛,3-5L,无定时,三档调节,正常风,冷暖,机械式,竖出风",200,none,8000,400,澳柯玛（AUCMA）,澳柯玛两季品旗舰店,1380707,澳柯玛（AUCMA）LRG3-MD08 机械冷暖空调扇/冷风扇,239.00,冷暖
12000,落地扇,96,599.00,安装方便 遥控方便 风扇不错 造型美观 噪音很小 风很柔和 使用方便 颜色漂亮 风力很大 远程遥控 底座很稳 睡眠风不错 噪音很小 风力很大 风力很大 底座很稳 风扇不错 颜色漂亮 遥控方便 质量不错 风很柔和 造型美观 风很柔和 睡眠风不错 遥控方便 颜色漂亮 风扇不错,"艾美特FS40103R,3918861,7.7kg,中国,2-8小时,三档调节,正常风,5片,1级,遥控式,落地扇",200,none,12000,200,艾美特（AIRMATE）,艾美特生活电器旗舰店,3918861,艾美特(Airmate) FS40103R 五叶遥控落地扇/电风扇,199.00,落地扇
75000,none,97,299.00,使用方便 电源线够长 吸力很大 吸尘器不错 质量不错 吸尘很干净 打扫干净 东西不错 吸头很多 功率大,"美的SC861A,608883,2.3kg,江苏,地板，地毯，沙发，床铺,水洗尘杯,立式/手持吸尘器,电源式（5米-10米）,500W以下,床褥沙发吸头，地面吸头，扁嘴吸头",500,床褥沙发吸头，地面吸头，扁嘴吸头,78000,1700,美的（Midea）,美的吸尘器旗舰店,608883,美的（Midea）吸尘器SC861A家用手持立式吸尘器二合一强劲吸力,139.00,none
18000,none,97,999.00,使用方便 出汁率很高 东西不错 榨汁很好 榨汁速度快 果汁细腻 声音小 好清洗 还可以吧 速度快,"九阳JYZ-V911,1831720,3.81kg,中国大陆,0-50转/分,按键式,原汁机,榨汁，豆浆,塑料",200,none,19000,300,九阳（Joyoung）,九阳厨房电器旗舰店,1831720,九阳（Joyoung）榨汁机慢速揉取原汁机（制作果汁 豆浆 奶昔）JYZ-V911,369.00,none
76000,单冷,88,599.00,还可以吧 比风扇好 风扇不错 风挺大的 送冰晶 可以驱蚊 冷风效果好 加冰很凉快 加了冰晶 智能操作 可拆洗 尺寸合适 加了冰晶 强效制冷 大水箱,"志高FSE-12,854863,7.5kg,浙江,L5,5-7L,2-8小时,三档调节,正常风、自然风、睡眠风,单冷,遥控式,竖出风",3400,none,86000,6800,志高（CHIGO）,志高冷风扇/取暖电器旗舰店,854863,志高（chigo)FSE-12遥控驱蚊款冷风扇/空调扇/电风扇（银黑色）,329.00,单冷
42000,落地扇,97,359.00,噪音很小 风扇不错 安装方便 遥控方便 质量不错 风很柔和 使用方便 底座很稳 造型美观 风力很大 扇网坚固 风力很大 风很柔和 底座很稳 遥控方便 安全节能 风力很大 远程遥控 风很柔和 使用方便 安装方便 风力很大 风很柔和 安全节能,"美的FS40-15HRW,2355523,8.34kg,中国大陆,2-8小时,五档以上,正常风、自然风、睡眠风,5片,1级,遥控式,落地扇",600,none,44000,900,美的（Midea）,美的两季品旗舰店,2355523,美的（Midea）FS40-15HRW 五叶遥控落地扇/电风扇,229.00,落地扇
140000,none,97,796.00,还可以吧 吸力很大 吸尘器不错 吸尘很干净 质量不错 使用方便 电源线够长 打扫干净 功率大 吸头很多 不易缠发 打扫干净 节能电机 小巧轻便 吸尘很干净,"小狗（puppy)无尘袋家用静音吸尘器D-928,1000023352, ,7.1kg,中国大陆,D-928,地板，地毯，瓷砖，厨房，沙发，床铺，酒店,水洗尘杯，水洗滤网，旋风过滤,卧式吸尘器,电源式（5米-10米）,1800w及以上,地面吸头，缝隙吸头，扁嘴吸头，毛刷吸头",900,地面吸头，缝隙吸头，扁嘴吸头，毛刷吸头,140000,3100,小狗（puppy）,小狗电器官方旗舰店,1000023352,小狗（puppy)无尘袋家用静音吸尘器D-928,399.00,none
17000,none,96,299.00,榨汁很好 东西不错 榨汁速度快 使用方便 速度快 果汁细腻 还可以吧 出汁率很高 好清洗 声音小,"美的WJE2802D,2302927,3.2kg,中国大陆,其它",300,none,17000,400,美的（Midea）,美的生活电器自营官方旗舰店,2302927,美的（Midea）榨汁机大口径不锈钢机身 全铜线电机 304不锈钢刀盘WJE2802D ,129.00,none
2100,单冷,89,999.00,风挺大的 外型好看 送货快 风扇不错 比风扇好 冷风效果好 节能 噪音很小 智能操作 比空调省电,"格力(GREE)空调扇单冷风扇移动水冷风机 KS-0502Db遥控款,10133998122, ,7.96kg,KS-0502Db,3-5L,8小时以上,四档调节,正常风、自然风、睡眠风,单冷,遥控式,横出风",100,none,2400,100,格力（GREE）,格力威铭专卖店,10133998122,格力(GREE)空调扇单冷风扇移动水冷风机 KS-0502Db遥控款,499.00,单冷
170000,落地扇,96,199.00,风扇不错 质量不错 安装方便 噪音很小 使用方便 风力很大 风很柔和 底座很稳 造型美观 颜色漂亮 使用方便 风力很大 噪音很小,"美的FS40-11L1,861100,7.82kg,广东中山,无定时,三档调节,正常风,3片,1级,机械式,落地扇",2400,none,180000,4900,美的（Midea）,美的两季品旗舰店,861100,美的（Midea）FS40-11L1 落地扇/电风扇,158.00,落地扇
200,none,97,4399.00,外观漂亮 配件齐全 吸力很大 打扫干净 吸尘器不错 使用方便 吸尘很干净 节能电机 吸力持久 功率大 刷头多样 尘杯容量大 外观漂亮 配件齐全 易收纳 外观漂亮 刷头多样 小巧轻便 吸头很多 噪音小 刷头多样 吸尘很干净 吸力很大 质量不错 使用方便 刷头多样 配件齐全 功率大,"博世BCH65PETCN,3766667,6.1kg,中国大陆,地板，地毯，瓷砖，厨房，沙发，床铺，汽车，酒店，工业,水洗尘杯，水洗滤网,无线吸尘器,充电式（无线）,床褥沙发吸头，缝隙吸头，扁嘴吸头",4,床褥沙发吸头，缝隙吸头，扁嘴吸头,200,2,博世（BOSCH）,博世生活电器旗舰店,3766667,博世（BOSCH）吸尘器无线手持立式75分钟续航静音车载家用BCH65PETCN沸点红,4099.00,none
2100,none,99,7980.00,料理机很好 使用方便 果汁细腻 榨汁很好 东西不错 声音小 榨汁速度快 好清洗 出汁率很高 速度快 使用方便 果汁细腻 辅食不错 好清洗 果汁细腻 榨汁速度快 声音小 料理机很好 声音小 料理机很好 果汁细腻 破壁机很好 速度快 好清洗 料理机很好,"德国宝/GERMANPOOL 破壁料理机 榨汁机家用 豆浆机 多功能搅拌机 PRO-10S 绿色,1653216116, ,6.8kg,PRO-10s,自动清洗,25000转/分及以上,旋钮式,料理/辅食机,八档以上,不锈钢，其他,搅拌，榨汁，碎肉，研磨，碎冰，五谷类粉,3-5人",10,none,2100,6,GERMANPOOL,德国宝（GERMANPOOL）专卖店,1653216116,德国宝/GERMANPOOL 破壁料理机 榨汁机家用 豆浆机 多功能搅拌机 PRO-10S 绿色,2980.00,none
2900,单冷,92,899.00,送货快 外型好看 送冰晶 风扇不错 比风扇好 风挺大的 尺寸合适 冷风效果好 加了冰晶 加湿空气 外型好看 加湿空气 风挺大的 比风扇风大 智能操作,"艾美特CF427R-W,2770292,9.78kg,中国,3-5L,8小时以上,三档调节,正常风、自然风、睡眠风,单冷,遥控式,横出风",90,none,3200,100,艾美特（AIRMATE）,艾美特生活电器旗舰店,2770292,艾美特(Airmate) CF427R-W 遥控冷风扇/空调扇/电风扇,299.00,单冷
17000,落地扇,97,239.00,风扇不错 安装方便 质量不错 风力很大 噪音很小 使用方便 风很柔和 造型美观 底座很稳 颜色漂亮 噪音很小 底座很稳 安装方便 颜色漂亮 风力很大 广角送风 风很柔和 电机好 底座很稳 噪音很小 底座很稳 扇网坚固 安装方便 使用方便 噪音很小,"格力FD-4010-WG,4483862,7.3kg,中国大陆,三档调节,正常风,5片,1级,机械式,落地扇",100,none,17000,200,格力（GREE）,格力生活电器旗舰店,4483862,格力（GREE）FD-4010-WG 五叶机械落地扇 电风扇,169.00,落地扇
1900,none,96,899.00,使用方便 小巧轻便 外观漂亮 吸尘器不错 吸尘很干净 质量不错 打扫干净 配件齐全 吸力很大 易收纳 轻巧便捷 很不错,"海尔ZB1205R,3016265,3.95kg,中国大陆,地板，地毯，瓷砖，沙发，汽车,水洗尘杯，水洗滤网,无线吸尘器,充电式（无线）,500W以下,电动吸头，扁嘴吸头，毛刷吸头",20,电动吸头，扁嘴吸头，毛刷吸头,2000,50,海尔（Haier）,海尔吸尘器旗舰店,3016265,海尔（Haier）吸尘器 ZB1205R 无绳充电家用吸尘器 手持推杆二合一 紫红色,699.00,none
1500,none,100,3580.00,料理机很好 果汁细腻 好清洗 速度快 使用方便 出汁率很高 榨汁速度快 榨汁很好 东西不错 绞肉不错 果汁细腻 使用方便 料理机很好 东西不错,"德国GUGE破壁机家用加热水料分离系统全自动蒸汽多功能米糊干磨粉搅拌绞肉榨汁机豆浆料理机 京东配送,10108342034, ,6.5kg,AD-G888,自动清洗,25000转/分及以上,触摸式,料理/辅食机,八档以上,不锈钢，金属，塑料，其他,搅拌，榨汁，碎肉，研磨，切菜，和面，碎冰，五谷类粉，冰淇淋/奶昔，豆腐，其他,3-5人",5,none,1600,6,谷格（GUGE）,谷格旗舰店,10108342034,德国GUGE破壁机家用加热水料分离系统全自动蒸汽多功能米糊干磨粉搅拌绞肉榨汁机豆浆料理机 京东配送,2880.00,none
1500,单冷,100,1699.00,外型好看 冷风效果好 风挺大的 制冷效果好 尺寸合适 强效制冷 噪音很小 送货快 声音小 加冰很凉快 外型好看 强效制冷 可以驱蚊 智能操作 风挺大的 送货快 水箱很大,"多朗冷风扇水冷空调扇家用冷风机工业制冷机商用加湿器移动空调扇 B030冷风机 B030冷风机,12493392820, ,17.2kg,中国大陆,B030,7L以上,2-8小时,三档调节,正常风,单冷,遥控式,横出风",6,none,1500,1,多朗,衡力诚电器专营店,12493392820,多朗冷风扇水冷空调扇家用冷风机工业制冷机商用加湿器移动空调扇 B030冷风机 B030冷风机,868.00,单冷
70000,落地扇,95,369.00,遥控方便 安装方便 风扇不错 风力很大 使用方便 质量不错 底座很稳 噪音很小 风很柔和 远程遥控,"澳柯玛FS-40ND06(Y),1370345,6.2kg,中国青岛,8小时以上,三档调节,正常风,5片,2级,遥控式,落地扇",1600,none,74000,2500,澳柯玛（AUCMA）,澳柯玛两季品旗舰店,1370345,澳柯玛（AUCMA）FS-40ND06(Y) 五叶AS扇叶遥控电风扇/落地扇,119.00,落地扇
19000,none,97,299.00,小巧轻便 外观漂亮 使用方便 吸尘器不错 电源线够长 质量不错 吸力很大 吸尘很干净 打扫干净 功率大 易收纳 打扫干净 电源线够长 质量不错 吸力持久 使用方便 功率大 质量不错 刷头多样 吸头很多 配件齐全 外观漂亮 吸力很大,"德尔玛CM300,3327010,1.75kg,中国大陆,床铺,除螨,除螨仪,电源式（5米以下）,500W以下,其他",100,其他,20000,300,德尔玛（Deerma）,德尔玛官方旗舰店,3327010,德尔玛（Deerma）CM300 紫外线除螨仪除螨机 手持吸尘器家用,199.00,none
80,none,100,4999.00,,"苏泊尔JP08G-1300,5023884,7.25kg,中国大陆,20000转/分(含)以上,按键式,破壁机,榨汁，搅拌，冰淇淋奶昔，碎冰，豆浆,不锈钢",0,none,80,0,苏泊尔（SUPOR）,苏泊尔官方旗舰店,5023884,苏泊尔（SUPOR）真破壁料理机加热破壁机家用榨汁机原汁机豆浆机搅拌机JP08G-1300（30000转/分）,1299.00,none
7200,冷暖,93,699.00,水箱很大 比风扇好 风挺大的 冷风效果好 加冰很凉快 比空调省电 制冷效果好 加了冰晶 噪音很小 送货快 比空调省电 加了冰晶 净化空气,"荣事达KTS-LN20U（货号：JD56K）,2495904,9.22kg,中国大陆,JD56K,横出风,三档调节,正常风、自然风、睡眠风,冷暖,遥控式,8小时以上",200,none,7800,300,荣事达（Royalstar）,荣事达（Royalstar）两季品旗舰店,2495904,荣事达（Royalstar）遥控冷暖空调扇/冷风扇/电风扇/电暖器家用移动空气净化加湿制冷风机JD56K（黑色）,389.00,冷暖
40000,落地扇,97,499.00,遥控方便 风扇不错 安装方便 质量不错 噪音很小 使用方便 风力很大 风很柔和 底座很稳 造型美观,"先锋FS40-14EREC（货号：DD3305）,1399677,7.54kg,宁波慈溪,DD3305,2-8小时,五档以上,正常风、自然风、睡眠风,5片,1级,遥控式,落地扇",500,none,42000,800,先锋（SINGFUN）,先锋两季品旗舰店,1399677,先锋（Singfun）6档遥控电风扇/落地扇DD3305 LED液晶显示,179.00,落地扇
8500,none,100,899.00,吸尘很干净 使用方便 质量不错 吸力很大 噪音小 吸尘器不错 打扫干净 功率大 电源线够长 外观漂亮,"莱克（LEXY）吸尘器C53家用除螨 静音 大吸力 无耗材 能擦地板  C3203-3 玫瑰金,1576389515, ,7.2kg,1743000,地板，地毯，瓷砖，厨房，沙发，床铺，汽车,卧式吸尘器,电源式（5米-10米）,1000w-1399w,床褥沙发吸头，地面吸头，缝隙吸头，扁嘴吸头，毛刷吸头",20,床褥沙发吸头，地面吸头，缝隙吸头，扁嘴吸头，毛刷吸头,8600,40,莱克（LEXY）,莱克官方旗舰店,1576389515,莱克（LEXY）吸尘器C53家用除螨 静音 大吸力 无耗材 能擦地板  C3203-3 玫瑰金,849.00,none
1300,none,100,3980.00,使用方便 东西不错 好清洗 速度快 果汁细腻 料理机很好 榨汁速度快 出汁率很高 榨汁很好 声音小,"美国西屋（Westinghouse）HS0450破壁料理机榨汁机料理机家用破壁机加热辅食 三代智能(升级版),10216324480, ,5.3kg,其他,25000转/分及以上,触摸式,料理/辅食机,五档-八档(含),其他,搅拌,3-5人",4,none,1400,6,西屋（Westinghouse）,西屋旗舰店,10216324480,美国西屋（Westinghouse）HS0450破壁料理机榨汁机料理机家用破壁机加热辅食 三代智能(升级版),2380.00,none
76000,冷暖,88,898.00,送货快 比风扇好 可以驱蚊 风扇不错 外型好看 送冰晶 风挺大的 尺寸合适 智能操作 加冰很凉快 可拆洗 尺寸合适 加了冰晶 强效制冷 大水箱,"志高FSE-12N,2539512,8.5kg,浙江,L5N,5-7L,2-8小时,三档调节,正常风、自然风、睡眠风,冷暖,遥控式,竖出风",3400,none,86000,6800,志高（CHIGO）,志高冷风扇/取暖电器旗舰店,2539512,志高（CHIGO）FSE-12N驱蚊款冷暖遥控型取暖器/暖风机/冷风扇/空调扇（金黑色）,399.00,冷暖
6100,落地扇,96,399.00,遥控方便 噪音很小 造型美观 风很柔和 风扇不错 质量不错 安装方便 使用方便 风力很大 远程遥控 广角送风 遥控方便 适合宝宝 颜色漂亮 质量不错 遥控方便 电机好 远程遥控 风力很大 风很柔和 扇网坚固 安装方便 遥控方便 风很柔和 造型美观 安装方便 扇网坚固 声音很大,"美的FS40-17KRW,4425010,9.42kg,中国大陆,8小时以上,无极变速,正常风、自然风、睡眠风,5片,1级,遥控式,落地扇",100,none,6300,100,美的（Midea）,美的两季品旗舰店,4425010,美的（Midea）FS40-17KRW 五叶变频遥控落地扇/电风扇,319.00,落地扇
19000,none,95,299.00,吸力很大 吸尘器不错 使用方便 质量不错 吸尘很干净 电源线够长 功率大 打扫干净 吸头很多 外观漂亮,"海尔HC-T2103A,2155793,6.27kg,中国大陆,地板，地毯，瓷砖，厨房，沙发,水洗尘杯，水洗滤网，干湿两用,桶式吸尘器,电源式（5米-10米）,1000w-1399w,地面吸头，缝隙吸头，扁嘴吸头，小吸头",300,地面吸头，缝隙吸头，扁嘴吸头，小吸头,20000,600,海尔（Haier）,海尔吸尘器旗舰店,2155793,海尔（Haier）吸尘器 HC-T2103A 干湿吹三用 桶式家用 大功率大吸力,279.00,none
16000,none,95,399.00,东西不错 榨汁速度快 使用方便 榨汁很好 速度快 还可以吧 出汁率很高 好清洗 果汁细腻 料理机很好,"苏泊尔TJE06A,2995308,2.92kg,中国大陆,旋钮式,料理/辅食机,手动,不锈钢,搅拌，榨汁,3人以下",200,none,17000,400,苏泊尔（SUPOR）,苏泊尔官方旗舰店,2995308,苏泊尔（SUPOR）榨汁机家用果汁机TJE06A,119.00,none
4600,单冷,89,799.00,送货快 比风扇好 外型好看 冷风效果好 风扇不错 加冰很凉快 加湿空气 水箱很大 比风扇风大 噪音很小 加冰很凉快 净化空气 送货快 制冷效果好 风挺大的 送货快 比空调省电 比风扇风大 制冷效果好 风力挺大,"联创DF-AF1830C,650166,8.83kg,深圳,7L以上,2-8小时,三档调节,正常风、自然风、睡眠风,单冷,遥控式,横出风",100,none,5200,400,联创（Lianc）,联创两季品旗舰店,650166,联创（Lianc）遥控冷风扇/空调扇/冷风机/家用单冷净化加湿DF-AF1830C ,299.00,单冷
82000,转页扇，台扇,96,199.00,风扇不错 使用方便 质量不错 风很柔和 噪音很小 风力很大 底座很稳 造型美观 安全节能 安装方便 造型美观 风很柔和 风力很大 质量不错,"澳柯玛KYT-25ND01,1370329,2.2kg,山东青岛,2小时以下,三档调节,正常风,5片,3级,机械式,转页扇，台扇",1100,none,86000,2400,澳柯玛（AUCMA）,澳柯玛两季品旗舰店,1370329,澳柯玛（AUCMA）KYT-25ND01 台式转页扇/电风扇,69.00,转页扇，台扇
26000,none,97,599.00,吸力很大 吸尘器不错 吸尘很干净 电源线够长 质量不错 使用方便 打扫干净 功率大 外观漂亮 小巧轻便 噪音小 配件齐全 电源线够长 吸尘很干净 质量不错,"飞利浦FC8471/81,1121698,6.74kg,中国大陆,地板，地毯，瓷砖，厨房，沙发，床铺,水洗尘杯，水洗滤网，旋风过滤,卧式吸尘器,电源式（5米-10米）,1400w-1799w,地面吸头，缝隙吸头，小吸头",200,地面吸头，缝隙吸头，小吸头,27000,500,飞利浦（PHILIPS）,飞利浦品牌旗舰店,1121698,飞利浦（PHILIPS）吸尘器FC8471/81家用无尘袋大功率（星空蓝）,499.00,none
3600,none,100,7999.00,东西不错 料理机很好 出汁率很高 速度快 好清洗 果汁细腻 榨汁速度快 使用方便 打蛋很方便 榨汁很好 绞肉不错 东西不错 榨汁速度快 果汁细腻 好清洗 东西不错 果汁细腻 使用方便 料理机很好 料理机很好 榨汁速度快 东西不错 还可以吧 料理机很好 东西不错 料理机很好 使用方便,"美国洁氏（JESE）JS-100Y变频破壁料理机加热预约保温家用榨汁机破壁机玻璃杯,1735157898, ,10.0kg,JS-100Y,预约定时,25000转/分及以上,触摸式,料理/辅食机,八档以上,塑料,搅拌,3-5人",2,none,3600,5,洁氏（JESE）,JESE洁氏旗舰店,1735157898,美国洁氏（JESE）JS-100Y变频破壁料理机加热预约保温家用榨汁机破壁机玻璃杯,2680.00,none
100,工业,98,1599.00,风扇不错 风挺大的 水箱很大 节能 送货快 大水箱 冷风效果好 外型好看 声音小 比风扇风大 大水箱 强效制冷 冷风效果好 送货快 风挺大的 冷风效果好 比空调省电 尺寸合适 风挺大的 大水箱 节能 冷风效果好 冷风效果好 风挺大的 制冷效果好 水箱很大,"康佳KF-LY316,5097980,20.29kg,中国大陆,7L以上,无定时,三档调节,正常风,工业,机械式,横出风",3,none,200,2,康佳（KONKA）,康佳两季品旗舰店,5097980,康佳（KONKA）空调扇/冷风扇/电风扇/移动型蒸发式水冷工业商业冷风机/冷气机冷气扇KF-LY316,899.00,工业
87000,塔扇,95,398.00,还可以吧 使用方便 风扇不错 安装方便 质量不错 造型美观 风力很大 风很柔和 底座很稳 噪音很小 造型美观,"艾美特FTW36T2-A,216706,6.5kg,中国,2小时以下,三档调节,正常风,无叶,无,机械式,塔扇",1300,none,92000,3300,艾美特（AIRMATE）,艾美特生活电器旗舰店,216706,艾美特(Airmate) FTW36T2-A 塔扇/电风扇,299.00,塔扇
40000,none,97,169.00,使用方便 电源线够长 吸尘器不错 吸力很大 吸尘很干净 小巧轻便 质量不错 打扫干净 功率大 外观漂亮 外观漂亮 易收纳,"海尔ZL601A,1952932,2.1kg,中国大陆,地板，地毯，瓷砖，沙发,水洗尘杯，水洗滤网,立式/手持吸尘器,电源式（5米-10米）,500w-999w,地面吸头，扁嘴吸头，毛刷吸头",200,地面吸头，扁嘴吸头，毛刷吸头,41000,700,海尔（Haier）,海尔吸尘器旗舰店,1952932,海尔（Haier）吸尘器 ZL601A 家用 立式 便携式 手持推杆,109.00,none
900,none,95,3699.00,榨汁很好 使用方便 出汁率很高 好清洗 料理机很好 果汁细腻 东西不错 榨汁速度快 还可以吧 速度快 东西不错 榨汁很好 出汁率很高,"飞利浦HR1897/30,1888038,5.7kg,中国大陆,其他,3-5人,二档(含)-五档(含),按键式,塑料,榨汁",10,none,900,20,飞利浦（PHILIPS）,飞利浦厨房电器旗舰店,1888038,飞利浦（PHILIPS）榨汁机原汁机破壁微榨无滤网榨汁机HR1897/30,1999.00,none
300,单冷,99,1500.00,风挺大的 噪音很小 冷风效果好 声音小 制冷效果好 送货快 智能操作 节能 比空调省电 外型好看 制冷效果好 比空调省电 风挺大的 风挺大的 大水箱 加冰很凉快 送货快 比风扇好,"骆驼(Camel)冷风机JH-40B水冷空调扇制冷风扇单冷风机工业商用网吧车间 浅灰色款,12109860559, ,23.0kg,中国大陆,7L以上,无定时,三档调节,正常风,单冷,机械式,横出风",1,none,300,4,骆驼（CAMEL）,佳欢专营店,12109860559,骆驼(Camel)冷风机JH-40B水冷空调扇制冷风扇单冷风机工业商用网吧车间 浅灰色款,849.00,单冷
60000,落地扇,96,289.00,还可以吧 风扇不错 安装方便 质量不错 风力很大 噪音很小 使用方便 风很柔和 底座很稳 造型美观,"美的FS40-8B1,597426,7.84kg,中国大陆,2小时以下,三档调节,正常风,5片,1级,机械式,落地扇",700,none,63000,2100,美的（Midea）,美的两季品旗舰店,597426,美的（Midea）FS40-8B1 五叶落地扇/电风扇,199.00,落地扇
60,none,97,2900.00,吸力很大 配件齐全 吸尘很干净 质量不错 使用方便 噪音小 电源线够长 打扫干净 外观漂亮 功率大 配件齐全 电源线够长 噪音小 吸力很大 吸尘很干净,"美诺SGDA1-08,5048546,9.0kg,德国,地板，地毯，瓷砖,卧式吸尘器",2,none,70,0,美诺（MIELE）,德国美诺Miele官方旗舰店,5048546,美诺（Miele）SGDA1-08 C3德国原装进口 家用卧室真空吸尘器 功率高达2000瓦（海军蓝）,2899.00,none
6800,none,95,399.00,榨汁速度快 榨汁很好 东西不错 使用方便 果汁细腻 速度快 出汁率很高 好清洗 还可以吧 料理机很好,"奥克斯AUX-508(红）,835100,3.02kg,中国大陆,12001转/分(含)-15000转/分(含),旋钮式,电动榨汁机,榨汁,金属",100,none,7100,200,奥克斯（AUX）,奥克斯厨房电器旗舰店,835100,奥克斯（AUX）榨汁机（汁渣分离）家用果汁机AS-819,109.00,none
1300,单冷,87,499.00,风扇不错 风挺大的 送货快 比风扇好 比空调省电 加了冰晶 智能操作 噪音很小 外型好看 加冰很凉快,"奥克斯（AUX）FLS-120H空调扇冷风扇冷风机单冷型配冰晶 遥控款 咖啡色,10125796556, ,5.6kg,AUX-822系列,3-5L,无定时,三档调节,正常风,单冷,机械式,竖出风",90,none,1500,100,奥克斯（AUX）,奥克斯生活电器旗舰店,10125796556,奥克斯（AUX）FLS-120H空调扇冷风扇冷风机单冷型配冰晶 遥控款 咖啡色,218.00,单冷
18000,落地扇,95,699.00,噪音很小 风很柔和 风扇不错 质量不错 遥控方便 安装方便 风力很大 造型美观 底座很稳 使用方便,"艾美特FS4086RI-W,1365527,9.4kg,中国,8小时以上,五档以上,正常风、自然风、睡眠风,7片及以上,1级,遥控式,落地扇",200,none,18000,500,艾美特（AIRMATE）,艾美特生活电器旗舰店,1365527,艾美特(Airmate) FS4086RI-W 七叶遥控落地扇/电风扇,319.00,落地扇
25000,none,98,499.00,吸力很大 吸尘器不错 外观漂亮 吸尘很干净 使用方便 质量不错 电源线够长 打扫干净 小巧轻便 配件齐全,"美的C3-L143C,1690674,7.2kg,中国大陆,地板，地毯，瓷砖，厨房,水洗尘杯，旋风过滤,卧式吸尘器,电源式（5米-10米）,1000w-1399w,地面吸头，扁嘴吸头，毛刷吸头",200,地面吸头，扁嘴吸头，毛刷吸头,26000,300,美的（Midea）,美的吸尘器旗舰店,1690674,美的（Midea）吸尘器C3-L143C家用无耗材卧式吸尘器,379.00,none
400,none,98,399.00,,"小熊LLJ-D05J1,5029334,1.95kg,广东顺德,20000转/分(含)以上,按键式,电动榨汁机,榨汁，搅拌，冰淇淋奶昔，碎冰,塑料",1,none,500,9,小熊（Bear）,小熊厨电旗舰店,5029334,小熊（Bear）便携式榨汁机果汁机料理机 榨汁搅拌奶昔辅食多功能家用料理杯LLJ-D05J1,169.00,none
300,单冷,99,3688.00,外型好看 制冷效果好 风挺大的 送货快 智能操作 强效制冷 噪音很小 加湿空气 风扇不错 冷风效果好 制冷效果好 外型好看 送货快 智能操作 加了冰晶 噪音很小 加湿空气 冷风效果好 制冷效果好 水箱很大 可以驱蚊 外型好看 风挺大的 大水箱 比空调省电 比风扇好 送货快 风挺大的 噪音很小 强效制冷,"雷豹冷风扇移动中大型工业冷风机单冷蒸发式制冷风扇水冷环保空调扇工厂房车间 MFC18000E,11300683261, ,58.5kg,中国大陆,7L以上,8小时以上,三档调节,正常风,单冷,遥控式,竖出风",2,none,300,1,雷豹（LEBON）,雷豹生活电器旗舰店,11300683261,雷豹冷风扇移动中大型工业冷风机单冷蒸发式制冷风扇水冷环保空调扇工厂房车间 MFC18000E,2988.00,单冷
19000,落地扇,97,359.00,安装方便 遥控方便 质量不错 风扇不错 风力很大 造型美观 噪音很小 使用方便 远程遥控 底座很稳 造型美观 风很柔和 睡眠风不错 适合宝宝 底座很稳,"格力FD-4030B,2599660,7.5kg,中国大陆,2-8小时,三档调节,正常风、自然风、睡眠风,3片,1级,遥控式,落地扇",200,none,19000,300,格力（GREE）,格力生活电器旗舰店,2599660,格力（GREE）FD-4030B 遥控式落地扇/电风扇,188.00,落地扇
26000,none,97,299.00,使用方便 吸尘很干净 吸尘器不错 电源线够长 质量不错 吸力很大 打扫干净 东西不错 功率大 外观漂亮 吸尘器不错 外观漂亮 吸尘很干净 尘杯容量大 使用方便 吸尘器不错 吸力很大,"海尔ZB401G,1095328,2.815kg,中国大陆,沙发，床铺,除螨仪",100,none,26000,400,海尔（Haier）,海尔吸尘器旗舰店,1095328,海尔（Haier）吸尘器 ZB401G 家用小型 床铺除螨机 紫外线除螨仪,279.00,none
1500,none,100,3580.00,出汁率很高 料理机很好 果汁细腻 使用方便 榨汁速度快 好清洗 榨汁很好 速度快 东西不错 打蛋很方便 榨汁速度快 使用方便 出汁率很高 东西不错 速度快 果汁细腻 使用方便 料理机很好 东西不错,"德国GUGE破壁机家用加热水料分离系统全自动蒸汽多功能米糊干磨粉搅拌绞肉榨汁机豆浆料理机 AD-G888,10108342035, ,6.5kg,AD-G888,自动清洗,25000转/分及以上,触摸式,料理/辅食机,八档以上,不锈钢，金属，塑料，其他,搅拌，榨汁，碎肉，研磨，切菜，和面，碎冰，五谷类粉，冰淇淋/奶昔，豆腐，其他,3-5人",5,none,1600,6,谷格（GUGE）,谷格旗舰店,10108342035,德国GUGE破壁机家用加热水料分离系统全自动蒸汽多功能米糊干磨粉搅拌绞肉榨汁机豆浆料理机 AD-G888,2880.00,none
1000,单冷,90,699.00,比风扇好 冷风效果好 外型好看 风扇不错 比风扇风大 噪音很小 送货快 制冷效果好 加冰很凉快 节能 加冰很凉快 大水箱 比空调省电 可拆洗 冷风效果好 比风扇风大 净化空气 风扇不错,"格力(GREE)空调扇水冷气扇移动单冷遥控制冷风机KS-0505D-WG 瓷白,10156578218, ,9.35kg, KS-0505D-WG,3-5L,8小时以上,四档调节,正常风、自然风、睡眠风,单冷,遥控式,横出风",50,none,1100,60,格力（GREE）,格力威铭专卖店,10156578218,格力(GREE)空调扇水冷气扇移动单冷遥控制冷风机KS-0505D-WG 瓷白,469.00,单冷
10000,落地扇,97,359.00,安装方便 风扇不错 遥控方便 风力很大 质量不错 使用方便 底座很稳 噪音很小 风很柔和 电机好 安装方便 睡眠风不错 颜色漂亮 广角送风 远程遥控 风扇不错 风力很大 造型美观 电机好,"美的FS40-15QRW,1429749,8.7kg,中国大陆,2-8小时,三档调节,正常风、自然风、睡眠风,5片,1级,遥控式,落地扇",100,none,10000,100,美的（Midea）,美的两季品旗舰店,1429749,美的（Midea）FS40-15QRW 五叶遥控落地扇/电风扇,199.00,落地扇
1100,none,97,899.00,使用方便 质量不错 吸尘器不错 吸尘很干净 外观漂亮 打扫干净 小巧轻便 易收纳 噪音小 吸力持久 值得推荐 吸尘很干净 易收纳 噪音小,"美的U5-L021C,1859014,5.18kg,中国大陆,地板，地毯，瓷砖，沙发，汽车,水洗尘杯，水洗滤网,无线吸尘器,充电式（无线）,500W以下,电动吸头，扁嘴吸头",10,电动吸头，扁嘴吸头,1100,20,美的（Midea）,美的吸尘器旗舰店,1859014,美的（Midea）吸尘器U5-L021C手持推杆二合一无线设计 家用立式便携 无耗材,849.00,none
900,none,95,2999.00,东西不错 料理机很好 速度快 果汁细腻 使用方便 好清洗 榨汁很好 榨汁速度快 还可以吧 出汁率很高,"苏泊尔JP06D,2842189,7.75kg,中国大陆,自动清洗,25000转/分及以上,触摸式,刨冰机/粉碎机,八档以上,不锈钢,搅拌，榨汁，碎肉，研磨，冰淇淋/奶昔，豆腐,3人以下",20,none,900,20,苏泊尔（SUPOR）,苏泊尔官方旗舰店,2842189,苏泊尔（SUPOR）破壁机家用多功能加热料理机 榨汁机果汁豆浆机搅拌机JP06D（30000转/分强劲动力）,899.00,none
700,单冷,93,499.00,送货快 尺寸合适 加冰很凉快 比风扇好 风挺大的 外型好看 比风扇风大 大水箱 水箱很大 智能操作 比风扇风大 送冰晶 可拆洗 声音小 比风扇好 尺寸合适 加冰很凉快 智能操作,"康佳KF-LY1603Y-Y,3948919,9.35kg,中国大陆,7L以上,2-8小时,三档调节,正常风、自然风、睡眠风,单冷,遥控式,横出风",20,none,700,30,康佳（KONKA）,康佳两季品旗舰店,3948919,康佳（KONKA）遥控冷风扇/空调扇/冷风机/电风扇KF-LY1603Y-Y,299.00,单冷
28000,转页扇，台扇,97,299.00,质量不错 风扇不错 噪音很小 风很柔和 使用方便 造型美观 颜色漂亮 安全节能 风力很大 底座很稳 广角送风 遥控方便 远程遥控 适合宝宝 颜色漂亮 风很柔和,"艾美特FBW32T2,1507669,2.5kg,中国,2小时以下,四档调节,正常风,5片,1级,机械式,转页扇，台扇",200,none,29000,600,艾美特（AIRMATE）,艾美特生活电器旗舰店,1507669,艾美特(Airmate) FBW32T2 台式转页扇/电风扇,129.00,转页扇，台扇
300,none,100,3999.00,使用方便 吸尘很干净 吸尘器不错 吸力持久 打扫干净 吸力很大 质量不错 外观漂亮 噪音小 小巧轻便 质量不错 吸力很大 打扫干净 功率大 不易缠发 吸尘很干净 质量不错 打扫干净,"莱克（LEXY）吸尘器家用 无线手持立式吸尘机除螨多功能 魔洁 M7Pro 咖啡色,11620819882, ,5.5kg,100L0006E,地板，地毯，瓷砖，厨房，沙发，床铺，汽车,拖地功能，水洗尘杯，水洗滤网，除螨,立式/手持吸尘器,充电式（无线）,500W以下,电动吸头，床褥沙发吸头，地面吸头，缝隙吸头，扁嘴吸头，毛刷吸头",0,电动吸头，床褥沙发吸头，地面吸头，缝隙吸头，扁嘴吸头，毛刷吸头,300,0,莱克（LEXY）,莱克官方旗舰店,11620819882,莱克（LEXY）吸尘器家用 无线手持立式吸尘机除螨多功能 魔洁 M7Pro 咖啡色,3999.00,none
1200,none,97,1299.00,,"美的WJS1221F,3396567,4.2kg,中国大陆,WJS1221F,按键式,榨汁，豆浆，其他,塑料,原汁机",20,none,1200,10,美的（Midea）,美的生活电器自营官方旗舰店,3396567,美的（Midea）原汁机慢速挤压 清洗简洁榨汁机 纯铜电机一键启动WJS1221F,399.00,none
200,单冷,92,799.00,冷风效果好 声音小 送货快 APP遥控 制冷效果好 外型好看 加了冰晶 大水箱 比空调省电 送冰晶 外型好看 送货快,"格力KS-0602DahG-WG,3948727,11.64kg,广东中山,横出风,四档调节,正常风、自然风、睡眠风,单冷,遥控式,8小时以上",7,none,200,10,格力（GREE）,格力生活电器旗舰店,3948727,格力（GREE）KS-0602DahG-WG 遥控冷风扇/冷风扇,499.00,单冷
900,落地扇，台扇，空气循环扇,98,5691.00,风很柔和 广角送风 噪音很小 远程遥控 造型美观 颜色漂亮 使用方便 风扇不错 安装方便 安全节能 风很柔和 远程遥控 造型美观 遥控方便,"DYSONHP03 白银,4840266,5.04kg,马来西亚,307988-01,8小时以上,五档以上,正常风、自然风、睡眠风,无叶,无,APP控制,落地扇，台扇，空气循环扇",10,none,900,10,DYSON,戴森官方旗舰店,4840266,戴森(Dyson) HP03空气净化风扇/电风扇/落地扇 净化PM0.1和甲醛+强劲气流循环 凉风制暖智能合一 银白,5690.00,落地扇，台扇，空气循环扇
700,none,100,1999.00,质量不错 外观漂亮 打扫干净 吸尘器不错 吸力持久 节能电机 使用方便 配件齐全 吸尘很干净 吸力很大 吸尘很干净 打扫干净 节能电机 刷头多样 吸力很大 配件齐全 吸头很多 使用方便 吸尘器不错 易收纳 噪音小 刷头多样 配件齐全 不易缠发 吸头很多 打扫干净 吸尘很干净 吸尘器不错 功率大 电源线够长 尘杯容量大 吸力持久 配件齐全 使用方便 吸尘器不错 配件齐全 外观漂亮 吸尘器不错 质量不错 质量不错 功率大 吸力很大,"志高（CHIGO）工业吸尘器大功率强力车用商用干湿两用大型桶式工厂用吸尘机50L 1600W 50L,11557408932, ,12.0kg,地板，地毯，瓷砖，厨房，沙发，床铺，汽车，酒店，工业,桶式吸尘器,电源式（5米-10米）,1400w-1799w,床褥沙发吸头，地面吸头，缝隙吸头，扁嘴吸头，毛刷吸头，小吸头，拖地附件",1,床褥沙发吸头，地面吸头，缝隙吸头，扁嘴吸头，毛刷吸头，小吸头，拖地附件,700,1,志高（CHIGO）,雅柯专营店,11557408932,志高（CHIGO）工业吸尘器大功率强力车用商用干湿两用大型桶式工厂用吸尘机50L 1600W 50L,799.00,none
1600,none,99,4680.00,速度快 使用方便 东西不错 绞肉不错 打蛋器不错 榨汁很好 榨汁速度快 声音小 出汁率很高 果汁细腻,"美国洁氏（JESE）JS-500A原汁机大口径家用低速果汁机水果榨汁机37转,1756795604, ,8.5kg,JS-500A,0-50转/分,旋钮式,原汁机,榨汁，碎肉，豆腐,塑料",10,none,1600,4,洁氏（JESE）,JESE洁氏旗舰店,1756795604,美国洁氏（JESE）JS-500A原汁机大口径家用低速果汁机水果榨汁机37转,1399.00,none
600,工业,95,1299.00,送货快 比风扇风大 风扇不错 冷风效果好 大水箱 加冰很凉快 比空调省电 风挺大的 水箱很大 强效制冷,"志高FKL-L25J,2441531,18.54kg,浙江,L25J,7L以上,无定时,二档调节,正常风,工业,机械式,横出风",10,none,600,20,志高（CHIGO）,志高冷风扇/取暖电器旗舰店,2441531,志高（chigo）FKL-L25J移动型蒸发式水冷工业商业空调扇/冷风机/电风扇,999.00,工业
40000,落地扇,95,199.00,安装方便 风扇不错 风力很大 质量不错 使用方便 底座很稳 噪音很小 风很柔和 电机好 声音小,"澳柯玛FS-40T6,1095534,6.2kg,中国青岛,2-8小时,三档调节,正常风,5片,2级,机械式,落地扇",800,none,42000,1400,澳柯玛（AUCMA）,澳柯玛两季品旗舰店,1095534,澳柯玛（AUCMA） FS-40T6 五叶AS扇叶机械电风扇/落地扇,109.00,落地扇
4900,none,95,999.00,使用方便 吸尘器不错 质量不错 吸尘很干净 打扫干净 东西不错 吸力很大 噪音小 吸头很多 功率大,"dostyleVC201,1140881,4.16kg,中国大陆",90,none,5100,100,dostyle,dostyle小家电旗舰店,1140881,dostyle吸尘器家用无线充电立式手持吸尘器VC201可车用车载,399.00,none
2100,none,99,7980.00,料理机很好 使用方便 果汁细腻 东西不错 速度快 出汁率很高 榨汁速度快 好清洗 榨汁很好 声音小 使用方便 果汁细腻 辅食不错 料理机很好 榨汁速度快 速度快 好清洗 果汁细腻 榨汁速度快 声音小 料理机很好 声音小 料理机很好 果汁细腻 破壁机很好 料理机很好 还可以吧,"德国宝/GERMANPOOL 破壁料理机 榨汁机家用 豆浆机 多功能搅拌机 PRO-10S 杏仁果,1653216119, ,6.8kg,PRO-10s,自动清洗,25000转/分及以上,旋钮式,料理/辅食机,八档以上,不锈钢，其他,搅拌，榨汁，碎肉，研磨，碎冰，五谷类粉,3-5人",10,none,2100,6,GERMANPOOL,德国宝（GERMANPOOL）专卖店,1653216119,德国宝/GERMANPOOL 破壁料理机 榨汁机家用 豆浆机 多功能搅拌机 PRO-10S 杏仁果,2980.00,none
1300,单冷,90,359.00,比风扇好 风扇不错 加了冰晶 风挺大的 声音小 尺寸合适 比空调省电 外型好看 加湿空气 送冰晶,"长虹RFS-20,3941983,5.4kg,浙江宁波,3-5L,无定时,三档调节,正常风,单冷,机械式,竖出风",80,none,1500,60,长虹（CHANGHONG）,长虹两季品旗舰店,3941983,长虹（CHANGHONG） RFS-20 冷风扇/单冷机械空调扇/冷风机,169.00,单冷
11000,落地扇,94,199.00,安装方便 质量不错 使用方便 噪音很小 风扇不错 风力很大 造型美观 风很柔和 颜色漂亮 底座很稳 安全节能 风力很大,"长虹CFS-LD407,4593976,5.81kg,浙江宁波,无定时,三档调节,正常风,4片,3级,机械式,落地扇",300,none,11000,300,长虹（CHANGHONG）,长虹两季品旗舰店,4593976,长虹（CHANGHONG）CFS-LD407 电风扇/落地扇/风扇,99.00,落地扇
7100,none,95,299.00,吸力很大 使用方便 吸尘器不错 吸尘很干净 电源线够长 质量不错 打扫干净 小巧轻便 外观漂亮 尘杯容量大,"宝家丽GY-306,2302887,5.5kg,中国大陆,地板，地毯，瓷砖，厨房，沙发，床铺，汽车，酒店，工业,拖地功能，水洗尘杯，水洗滤网，旋风过滤，尘袋式，干湿两用,桶式吸尘器,电源式（5米-10米）,1000w-1399w,地面吸头，缝隙吸头，扁嘴吸头，毛刷吸头，小吸头，其他",100,地面吸头，缝隙吸头，扁嘴吸头，毛刷吸头，小吸头，其他,7400,200,宝家丽,宝家丽官方旗舰店,2302887,宝家丽 吸尘器 GY-306旋风（tornado）家用商用干湿吹三用大功率桶式吸尘器,199.00,none
2100,none,100,4180.00,使用方便 东西不错 料理机很好 速度快 果汁细腻 榨汁很好 好清洗 榨汁速度快 出汁率很高 声音小 榨汁很好 速度快 出汁率很高 使用方便 速度快 果汁细腻 榨汁速度快 料理机很好,"奥克斯（AUX）930破壁料理机 破壁机加热 家用榨汁机果汁机豆浆机辅食机原汁机,10339014859, ,9.0kg,中国大陆,预约定时,25000转/分及以上,触摸式,料理/辅食机,八档以上,塑料,搅拌，榨汁，研磨，碎冰，五谷类粉，冰淇淋/奶昔,3-5人",3,none,2100,3,奥克斯（AUX）,奥克斯厨房小电旗舰店,10339014859,奥克斯（AUX）930破壁料理机 破壁机加热 家用榨汁机果汁机豆浆机辅食机原汁机,1880.00,none
100,单冷,92,999.00,智能操作 净化空气 制冷效果好 外型好看 比风扇好 APP遥控 声音小 冷风效果好 比风扇风大 风扇不错,"格力（GREE)KS-08X60DgL家用节能遥控制冷空调扇 办公移动省电冷风扇冷风扇 GREE格力,12334480819, ,11.0kg,KS-08X60DgL,7L以上,2-8小时,四档调节,正常风,单冷,遥控式,横出风",10,none,100,2,格力（GREE）,格力明达丰专卖店,12334480819,格力（GREE)KS-08X60DgL家用节能遥控制冷空调扇 办公移动省电冷风扇冷风扇 GREE格力,829.00,单冷
12000,落地扇,96,199.00,风扇不错 安装方便 质量不错 风力很大 使用方便 噪音很小 造型美观 底座很稳 颜色漂亮 风很柔和 安装方便 风扇不错 安装方便 颜色漂亮 底座很稳 安装方便,"华生FS35-C401,4575098,5.48kg,广东,三档调节,正常风,5片,3级,机械式,落地扇",200,none,13000,200,华生（Wahson）,华生旗舰店,4575098,华生（Wahson）FS35-C401 电风扇/落地扇/风扇,89.90,落地扇
700,none,99,2999.00,吸尘很干净 吸力很大 还可以吧 电源线够长 吸尘器不错 东西不错 功率大 打扫干净 质量不错 使用方便 吸尘很干净 电源线够长,"瑞卡富RS-300CWH,1084115,5.38kg,韩国,地毯，沙发，床铺,HEPA滤网（HEPA13及以上），除螨,除螨仪,电源式（5米-10米）,500W以下,其他",2,其他,700,6,瑞卡富（raycop）,瑞卡富旗舰店,1084115,瑞卡富(Raycop)除螨仪手持式除螨吸尘器进口除螨机家用床上杀菌高级床褥净化吸尘器(珍珠白)RS-300CWH,2999.00,none
2400,none,96,399.00,使用方便 速度快 好清洗 东西不错 榨汁很好 榨汁速度快 果汁细腻 料理机很好 出汁率很高 声音小,"HYUNDAI（韩国现代）QC-JB2359 便携式榨汁机 家用料理搅拌机 榨汁杯 果汁机,1622508578, ,1.3kg,中国大陆,其他,12001转/分(含)-15000转/分(含),旋钮式,料理/辅食机,一档,不锈钢，塑料,榨汁，碎冰，冰淇淋/奶昔,3人以下",40,none,2500,60,现代（HYUNDAI）,现代小家电旗舰店,1622508578,HYUNDAI（韩国现代）QC-JB2359 便携式榨汁机 家用料理搅拌机 榨汁杯 果汁机,139.00,none
400,冷暖,92,1399.00,送货快 外型好看 风扇不错 送冰晶 加湿空气 智能操作 风挺大的 加冰很凉快 尺寸合适 噪音很小 加湿空气 加冰很凉快 比风扇风大 冷风效果好,"格力KS-0701RD-WG,2382880,19.39kg,中国大陆,横出风,三档调节,正常风,冷暖,遥控式,8小时以上",10,none,500,20,格力（GREE）,格力生活电器旗舰店,2382880,格力（GREE）KS-0701RD-WG 遥控冷风扇 冷风扇,1199.00,冷暖
2900,落地扇,97,459.00,噪音很小 风很柔和 质量不错 造型美观 安装方便 安全节能 遥控方便 风扇不错 电机好 颜色漂亮 广角送风 噪音很小 安全节能 造型美观 电机好 噪音很小 造型美观 安全节能 扇网坚固 底座很稳 风力很大 安全节能 电机好 颜色漂亮 风很柔和,"格力FDZ-40X65Bg7,3962523,8.42kg,中国大陆,8小时以上,五档以上,正常风、自然风、睡眠风,7片及以上,1级,遥控式,落地扇",30,none,3000,50,格力（GREE）,格力生活电器旗舰店,3962523,格力（GREE）FDZ-40X65Bg7  七叶遥控落地扇/直流变频落地扇/电风扇,329.00,落地扇
900,none,100,1799.00,质量不错 吸尘器不错 吸力很大 吸尘很干净 吸力持久 打扫干净 外观漂亮 使用方便 吸头很多 配件齐全 配件齐全 刷头多样 质量不错 吸尘很干净 吸力很大 使用方便 打扫干净 配件齐全 吸力很大 不易缠发 吸力很大 外观漂亮 质量不错 吸尘器不错 尘杯容量大 质量不错 吸力持久 吸力很大 打扫干净 外观漂亮 质量不错 吸尘器不错 功率大,"志高（CHIGO）车用吸尘器家用小型手持式强力大功率无耗材吸尘机大容量25L 1600W 25L,11557796381, ,6.5kg,地板，地毯，瓷砖，沙发，床铺，汽车，酒店,桶式吸尘器,电源式（5米-10米）,1400w-1799w,床褥沙发吸头，地面吸头，缝隙吸头，扁嘴吸头，毛刷吸头，小吸头，拖地附件",0,床褥沙发吸头，地面吸头，缝隙吸头，扁嘴吸头，毛刷吸头，小吸头，拖地附件,900,0,志高（CHIGO）,雅柯专营店,11557796381,志高（CHIGO）车用吸尘器家用小型手持式强力大功率无耗材吸尘机大容量25L 1600W 25L,559.00,none
2200,none,96,2699.00,榨汁很好 果汁细腻 出汁率很高 东西不错 使用方便 好清洗 榨汁速度快 声音小 速度快 料理机很好,"飞利浦HR1883/70,1464854,9.76kg,江苏苏州,原汁机",50,none,2300,40,飞利浦（PHILIPS）,飞利浦厨房电器旗舰店,1464854,飞利浦（PHILIPS）原汁机 HR1883/70 榨汁机家用 低速果汁机可做纯果冰激凌,2698.00,none
500,单冷,88,499.00,外型好看 风扇不错 冷风效果好 送货快 尺寸合适 加了冰晶 风挺大的 噪音很小 比风扇好 节能 风扇不错,"格力(GREE) KS-0602dhg 空调扇单冷风扇家用冷风机制冷大风量静音小空调 GREE格力,10239685109, ,7.5kg,KS-0602DHG,3-5L,无定时,五档及以上,正常风,单冷,机械式,竖出风",40,none,600,20,格力（GREE）,格力明达丰专卖店,10239685109,格力(GREE) KS-0602dhg 空调扇单冷风扇家用冷风机制冷大风量静音小空调 GREE格力,368.00,单冷
1400,落地扇，塔扇，台扇，空气循环扇,97,1999.00,造型美观 使用方便 质量不错 噪音很小 风很柔和 安全节能 风扇不错 安装方便 遥控方便 底座很稳 质量不错 风很柔和 使用方便 安装方便,"英国QG(QG)AirCool无叶风扇电风扇冷暖空气循环扇家用电扇落地塔扇 冷暖,10626848028, ,3.8kg,中国大陆,2-8小时,五档以上,正常风、自然风,无叶,1级,遥控式,落地扇，塔扇，台扇，空气循环扇",10,none,1500,30,QG,QG生活电器旗舰店,10626848028,英国QG(QG)AirCool无叶风扇电风扇冷暖空气循环扇家用电扇落地塔扇 冷暖,980.00,落地扇，塔扇，台扇，空气循环扇
3700,none,99,1598.00,吸力很大 吸尘器不错 外观漂亮 质量不错 吸尘很干净 使用方便 功率大 打扫干净 电源线够长 配件齐全 吸尘器不错 功率大 吸尘很干净 吸力很大 配件齐全,"松下MC-8L74DAJ81,3407476,8.1kg,中国,地板，地毯，瓷砖，厨房，沙发，床铺，酒店,水洗尘杯，水洗滤网，除螨,卧式吸尘器,电源式（5米-10米）,1400w-1799w,床褥沙发吸头，地面吸头，缝隙吸头，毛刷吸头，小吸头",10,床褥沙发吸头，地面吸头，缝隙吸头，毛刷吸头，小吸头,3700,50,松下（Panasonic）,松下生活电器旗舰店,3407476,松下（Panasonic）吸尘器MC-8L74DAJ81真空双分离卧式系列（潜水蓝）,1598.00,none
200,none,98,7980.00,使用方便 果汁细腻 东西不错 出汁率很高 榨汁很好 料理机很好 榨汁速度快 速度快 声音小 好清洗 东西不错 榨汁速度快 出汁率很高 料理机很好 速度快 使用方便 东西不错 使用方便 出汁率很高 料理机很好 榨汁速度快 果汁细腻 榨汁很好 料理机很好 声音小,"德国宝/GERMANPOOL 破壁机 榨汁机 多功能料理机 家用 果汁机 婴儿辅食机 M1 粉绿色,10114188069, ,3.9kg,PRO-M1,进口刀头,旋钮式,料理/辅食机,其他,搅拌,自动清洗,25000转/分及以上,八档以上,3-5人,其他,6叶",3,none,200,2,GERMANPOOL,德国宝（GERMANPOOL）专卖店,10114188069,德国宝/GERMANPOOL 破壁机 榨汁机 多功能料理机 家用 果汁机 婴儿辅食机 M1 粉绿色,2780.00,none
400,冷暖,93,499.00,风挺大的 节能 加冰很凉快 声音小 送冰晶 比风扇风大 噪音很小 强效制冷 可拆洗 大水箱,"荣事达KTS-LN20R,4899830,7.7kg,中国大陆,TM25K,5-7L,2-8小时,三档调节,正常风、自然风、睡眠风,冷暖,遥控式,竖出风",10,none,400,20,荣事达（Royalstar）,荣事达（Royalstar）两季品旗舰店,4899830,荣事达 (Royalstar) 遥控冷暖空调扇/冷风扇/电风扇/落地扇/取暖器/电暖器/暖风机家用移动空气净化加湿制冷风机TM25K（白色）,399.00,冷暖
23000,落地扇,95,139.00,风扇不错 安装方便 质量不错 风力很大 使用方便 底座很稳 噪音很小 风很柔和 安全节能 造型美观 颜色漂亮 风扇不错,"HYUNDAIFS40-A002,2418704,5.58kg,中国大陆,2小时以下,三档调节,正常风,5片,2级,机械式,落地扇",400,none,24000,700,HYUNDAI,韩国现代（HYUNDAI)两季品旗舰店,2418704,HYUNDAI 现代大风量电风扇/机械落地扇/风扇FS40-A002,89.00,落地扇
1500,none,97,199.00,使用方便 小巧轻便 吸尘器不错 电源线够长 质量不错 外观漂亮 吸尘很干净 吸力很大 打扫干净 功率大 易收纳 不易缠发 打扫干净 噪音小 外观漂亮 使用方便 打扫干净 吸力很大 外观漂亮 噪音小 质量不错 吸力持久 噪音小 使用方便 质量不错 易收纳 质量不错 打扫干净 打扫干净 使用方便 噪音小,"德尔玛CM400,3478156,1.75kg,中国大陆,沙发，床铺,水洗尘杯，除螨,除螨仪,电源式（5米以下）,500W以下,床褥沙发吸头",10,床褥沙发吸头,1600,30,德尔玛（Deerma）,德尔玛官方旗舰店,3478156,德尔玛（Deerma）CM400 紫外线除螨仪除螨机 手持吸尘器家用,199.00,none
5900,none,100,7999.00,东西不错 料理机很好 果汁细腻 使用方便 好清洗 榨汁很好 速度快 榨汁速度快 出汁率很高 声音小,"美国洁氏（JESE）JS-100B变频破壁料理机加热玻璃家用榨汁机搅拌机辅食机,1514340878, ,10.0kg,JS-100B,自动清洗,25000转/分及以上,按键式,料理/辅食机,八档以上,塑料,搅拌，榨汁，碎肉，研磨，打蛋，碎冰，五谷类粉，冰淇淋/奶昔，豆腐，其他,3-5人",10,none,5900,20,洁氏（JESE）,JESE洁氏旗舰店,1514340878,美国洁氏（JESE）JS-100B变频破壁料理机加热玻璃家用榨汁机搅拌机辅食机,2099.00,none
100,冷暖,96,1699.00,尺寸合适 外型好看 送货快 强效制冷 比风扇好 加冰很凉快 风扇不错 风挺大的 加了冰晶,"美的（Midea）AD120-S 冷暖型遥控冷风扇 家用空调扇/电风扇,12489458818, ,10.0kg,中国大陆,DS070104MD006-JD,5-7L,2-8小时,三档调节,正常风,冷暖,遥控式,横出风",4,none,100,3,美的,美的护理旗舰店,12489458818,美的（Midea）AD120-S 冷暖型遥控冷风扇 家用空调扇/电风扇,799.00,冷暖
30000,落地扇,95,199.00,安装方便 风扇不错 质量不错 使用方便 风力很大 噪音很小 底座很稳 风很柔和 造型美观 安全节能,"荣事达FS09-16F（货号：JD16Z）,2525447,5.97kg,中国大陆,JD16Z,2小时以下,三档调节,正常风,5片,2级,机械式,落地扇",600,none,32000,900,荣事达（Royalstar）,荣事达（Royalstar）两季品旗舰店,2525447,荣事达（Royalstar）电风扇/落地扇/五扇叶升降机械定时落地扇JD16Z,99.00,落地扇
400,none,99,999.00,外观漂亮 质量不错 吸力很大 小巧轻便 吸尘很干净 噪音小 吸尘器不错 电源线够长 刷头多样 使用方便 电源线够长 打扫干净 吸力很大,"凯驰VC3 PLUS,4082021,8.2kg,中国大陆,地板，地毯，瓷砖，厨房，沙发，床铺，汽车，酒店,EPA滤网（EPA12及以下），水洗尘杯，水洗滤网，旋风过滤，除螨,卧式吸尘器,电源式（5米-10米）,1000w-1399w,床褥沙发吸头，地面吸头，缝隙吸头，毛刷吸头，小吸头",3,床褥沙发吸头，地面吸头，缝隙吸头，毛刷吸头，小吸头,400,0,凯驰（karcher）,Karcher自营官方旗舰店,4082021,德国karcher 无耗材吸尘器VC3 PLUS 家用静音,749.00,none
1400,none,97,699.00,,"美的WBL2501A,3356439,1.78kg,中国大陆,WBL2501A,15001转/分(含)-18000转/分(含),按键式,其它,搅拌，冰淇淋奶昔，碎冰，其他,不锈钢",20,none,1400,20,美的（Midea）,美的生活电器自营官方旗舰店,3356439,美的（Midea）榨汁机随行杯便携式榨汁 双杯配置食品级材质搅拌机WBL2501A,299.00,none
1400,单冷,90,499.00,比风扇好 送冰晶 送货快 外型好看 加了冰晶 声音小 尺寸合适 风挺大的 风扇不错 冷风效果好 风挺大的 加了冰晶 冷风效果好 送冰晶 外型好看,"荣事达KTS-L15（货号：KJ61Z）,2743872,7.18kg,中国大陆,KJ61Z,5-7L,2-8小时,三档调节,正常风、自然风、睡眠风,单冷,遥控式,竖出风",50,none,1600,90,荣事达（Royalstar）,荣事达（Royalstar）两季品旗舰店,2743872,荣事达（Royalstar）遥控单冷空调扇/冷风扇/电风扇/落地扇家用移动空气净化加湿制冷风机KJ61Z,299.00,单冷
30000,落地扇,95,269.00,遥控方便 风扇不错 安装方便 质量不错 使用方便 风力很大 噪音很小 底座很稳 远程遥控 风很柔和 风很柔和 使用方便 底座很稳 遥控方便,"荣事达FD-40L92（货号：JD17Z）,2495894,6.22kg,中国大陆,JD17Z,2-8小时,三档调节,正常风,5片,2级,遥控式,落地扇",600,none,32000,900,荣事达（Royalstar）,荣事达（Royalstar）两季品旗舰店,2495894,荣事达（Royalstar）遥控五风叶电风扇/落地扇/五扇叶可升降落地扇JD17Z,139.00,落地扇
2900,none,98,800.00,吸尘器不错 质量不错 噪音小 功率大 吸尘很干净 使用方便 吸力很大 打扫干净 电源线够长 吸头很多 使用方便 吸尘很干净 东西不错 质量不错,"杰诺 水过滤干湿两用大功率桶式小型吸尘器 家用低音商用地毯装修筒式吸水吸尘机508-20L,1067543518, ,10.0kg,508-20L-B,地板，地毯，瓷砖，厨房，沙发，床铺，汽车，酒店,拖地功能，吸拖一体，干湿两用，除螨,桶式吸尘器,电源式（5米-10米）,1000w-1399w,床褥沙发吸头，地面吸头，缝隙吸头，扁嘴吸头，小吸头，拖地附件，其他",10,床褥沙发吸头，地面吸头，缝隙吸头，扁嘴吸头，小吸头，拖地附件，其他,2900,20,杰诺,杰诺官方旗舰店,1067543518,杰诺 水过滤干湿两用大功率桶式小型吸尘器 家用低音商用地毯装修筒式吸水吸尘机508-20L,599.00,none
1500,none,94,149.00,,"东菱DL-1009,3953542,2.07kg,中国大陆,榨汁，搅拌，碎肉,按键式,电动榨汁机",50,none,1500,40,东菱（Donlim）,东菱旗舰店,3953542,东菱（Donlim）多功能果汁机 研磨机 搅拌机 家用榨汁机 米糊 一机多用 DL-1009,99.00,none
500,冷暖,96,799.00,比风扇好 送冰晶 智能操作 水箱很大 外型好看 风扇不错 比空调省电 噪音很小 APP遥控 加湿空气 冷风效果好 风挺大的 净化空气 风挺大的 净化空气,"TCL家用静音遥控制冷小空调扇冷暖两用 办公室电风扇宿舍移动节能冷风扇TKS-H20L 香槟金,12441864468, ,20.0kg,中国大陆,TKS-H20L,7L以上,2-8小时,三档调节,正常风、自然风、睡眠风,冷暖,遥控式,横出风",10,none,500,10,TCL,领航专营店,12441864468,TCL家用静音遥控制冷小空调扇冷暖两用 办公室电风扇宿舍移动节能冷风扇TKS-H20L 香槟金,439.00,冷暖
97000,落地扇,96,199.00,风扇不错 安装方便 质量不错 风力很大 使用方便 噪音很小 底座很稳 风很柔和 电机好 声音小 电机好 广角送风,"先锋FS40-11G（货号：DD1112）,1399668,5.69kg,宁波慈溪,DD1112,无定时,三档调节,正常风,3片,2级,机械式,落地扇",1500,none,100000,2800,先锋（SINGFUN）,先锋两季品旗舰店,1399668,先锋（Singfun）大风量电风扇/落地扇DD1112 ,109.00,落地扇
1000,none,96,999.00,外观漂亮 使用方便 吸尘器不错 质量不错 小巧轻便 打扫干净 吸尘很干净 吸力持久 吸力很大 配件齐全,"dostyleVC203,2016475,4.66kg,中国大陆",7,none,1100,30,dostyle,dostyle小家电旗舰店,2016475,dostyle吸尘器家用无线充电立式手持吸尘器VC203可车用车载（长续航版）,699.00,none
9800,none,97,249.00,使用方便 好清洗 榨汁速度快 东西不错 速度快 榨汁很好 料理机很好 还可以吧 果汁细腻 出汁率很高 使用方便 榨汁速度快,"dostyleMB201,1309669,1.74kg,中国大陆,手动,搅拌，冰淇淋/奶昔，其他,其它,料理/辅食机",100,none,10000,200,dostyle,dostyle小家电旗舰店,1309669,dostyle料理机多功能家用迷你榨汁杯婴儿果汁机MB201,119.00,none
400,单冷,91,499.00,冷风效果好 送冰晶 送货快 声音小 加了冰晶 比风扇好 净化空气 强效制冷 风扇不错 风挺大的 风挺大的 外型好看 净化空气 送货快 可拆洗,"TCLTKS-1601,4713662,6.5kg,中国大陆,5-7L,无定时,三档调节,正常风,单冷,机械式,横出风",10,none,500,30,TCL,TCL冷风扇旗舰店,4713662,TCL单冷空调扇/冷风扇/电风扇/冷气扇/家用移动空气净化加湿制冷风机TKS-1601,239.00,单冷
2000,落地扇，塔扇，台扇，空气循环扇,97,2080.00,造型美观 安全节能 风很柔和 风力很大 底座很稳 噪音很小 适合宝宝 颜色漂亮 电机好 远程遥控 安装方便 使用方便 扇网坚固 质量不错 造型美观 质量不错 颜色漂亮 风很柔和 适合宝宝 使用方便 遥控方便,"【京东配送】欧麦斯Air-H5 无叶风扇 电风扇 落地 家用电扇 台扇塔扇 月光白,10437854366, ,4.0kg,2小时以下,无极变速,正常风、自然风,无叶,1级,遥控式,落地扇，塔扇，台扇，空气循环扇",10,none,2100,30,欧麦斯（OUMAISI）,欧麦斯旗舰店,10437854366,【京东配送】欧麦斯Air-H5 无叶风扇 电风扇 落地 家用电扇 台扇塔扇 月光白,599.00,落地扇，塔扇，台扇，空气循环扇
400,none,98,1999.00,小巧轻便 使用方便 质量不错 外观漂亮 吸尘很干净 噪音小 打扫干净 吸尘器不错 易收纳 吸力持久,"松下MC-8D56DAJ81,4229138,3.05kg,中国大陆,地板，地毯，瓷砖，厨房，沙发，汽车，酒店,水洗尘杯，水洗滤网，除螨,无线吸尘器,充电式（无线）,500W以下,电动吸头，地面吸头，缝隙吸头，毛刷吸头",5,电动吸头，地面吸头，缝隙吸头，毛刷吸头,400,6,松下（Panasonic）,松下生活电器旗舰店,4229138,松下（Panasonic）吸尘器MC-8D56DPJ81充电式无线手持系列（玫瑰金）,1899.00,none
200,none,95,1230.00,,"【京东配送】SKG榨汁机家用原汁机全自动慢速多功能水果汁机大口径商用渣汁分离A8PlUS 红色,11161166652, ,6.0kg,中国大陆,0-50转/分,其它，按键式,原汁机，破壁机，电动榨汁机,榨汁，搅拌，干磨，碎肉，五谷粉，豆腐，冰淇淋奶昔，碎冰，豆浆，其他,塑料",5,none,300,9,SKG,SKG京珠专卖店,11161166652,【京东配送】SKG榨汁机家用原汁机全自动慢速多功能水果汁机大口径商用渣汁分离A8PlUS 红色,539.00,none
300,单冷,98,1100.00,制冷效果好 声音小 风挺大的 强效制冷 比风扇好 风扇不错 加湿空气 水箱很大 噪音很小 智能操作 制冷效果好 冷风效果好,"骆驼(Camel)空调扇JH-329单冷风机家用定时遥控冷风扇静音电风扇/水冷风扇制冷 香槟色款,12103850838, ,11.4kg,中国大陆,7L以上,8小时以上,三档调节,正常风、自然风、睡眠风,单冷,遥控式,横出风",4,none,300,3,骆驼（CAMEL）,佳欢专营店,12103850838,骆驼(Camel)空调扇JH-329单冷风机家用定时遥控冷风扇静音电风扇/水冷风扇制冷 香槟色款,759.00,单冷
7500,转页扇,97,159.00,风扇不错 噪音很小 质量不错 使用方便 风很柔和 造型美观 安全节能 风力很大 睡眠风不错 底座很稳 质量不错 安全节能 使用方便 风扇不错 底座很稳,"美的KYT25-17D,3864159,2.53kg,中国大陆,2小时以下,四档调节,正常风,5片,1级,机械式,转页扇",80,none,7700,100,美的（Midea）,美的两季品旗舰店,3864159,美的（Midea）KYT25-17D 家用台式转页扇/电风扇,109.00,转页扇
300,none,100,1999.00,使用方便 质量不错 功率大 外观漂亮 吸力很大 小巧轻便 易收纳 吸尘器不错 吸尘很干净 吸力持久 打扫干净 吸力持久 吸力很大 质量不错 使用方便 节能电机 小巧轻便 吸尘器不错 易收纳 吸力很大,"普沃达吸尘器家用无线强力手持静音充电车载小型迷你车用 G8吸尘机,11879297400, ,3.0kg,中国大陆,G8,地板，地毯，沙发，床铺，汽车,HEPA滤网（HEPA13及以上），水洗尘杯，水洗滤网，吸拖一体，旋风过滤,无线吸尘器,充电式（无线）,500W以下,电动吸头，床褥沙发吸头，地面吸头，缝隙吸头，扁嘴吸头",0,电动吸头，床褥沙发吸头，地面吸头，缝隙吸头，扁嘴吸头,300,0,普沃达,普沃达生活电器旗舰店,11879297400,普沃达吸尘器家用无线强力手持静音充电车载小型迷你车用 G8吸尘机,679.00,none
600,none,100,698.00,,"领豪双效果汁机,4955230,2.0kg,中国大陆,6936457607063,20000转/分(含)以上,按键式,电动榨汁机,榨汁，搅拌，干磨，碎肉，五谷粉，豆腐，冰淇淋奶昔，碎冰，豆浆，其他,塑料",2,none,600,3,领豪（Russell Hobbs）,英国领豪Russell Hobbs旗舰店,4955230,领豪（Russell Hobbs）双效果汁机 便携式榨汁机家用多功能研磨果汁机 迷你料理机辅食搅拌机,299.00,none
200,工业,98,999.00,加冰很凉快 比风扇风大 送货快 风挺大的 大水箱 加湿空气 加了冰晶 外型好看 噪音很小 节能,"永生（eosin）ACS-5000水冷空调扇/工业冷风扇/商业冷风机/冷气机/移动制冷空调 ACS-5000,11403148594, ,19.5kg,3-5L,2-8小时,三档调节,正常风、自然风,工业,机械式,竖出风",0,none,200,4,永生（eosin）,永生旗舰店,11403148594,永生（eosin）ACS-5000水冷空调扇/工业冷风扇/商业冷风机/冷气机/移动制冷空调 ACS-5000,788.00,工业
7600,塔扇,95,499.00,遥控方便 安装方便 造型美观 使用方便 风很柔和 质量不错 风扇不错 噪音很小 远程遥控 风力很大,"澳柯玛FS-08M603(Y),2552698,3.8kg,中国青岛,2-8小时,三档调节,正常风、自然风、睡眠风,无叶,无,遥控式,塔扇",100,none,8000,200,澳柯玛（AUCMA）,澳柯玛两季品旗舰店,2552698,澳柯玛（AUCMA）FS-08M603(Y) 90度旋转遥控定时塔扇/电风扇,199.00,塔扇
2300,none,98,1899.00,功率大 吸力很大 噪音小 打扫干净 吸尘很干净 质量不错 电源线够长 吸尘器不错 使用方便 东西不错 吸尘很干净 东西不错 吸尘器不错 噪音小,"【京东配送】原装进口karcher德国凯驰集团商用除螨 静音 干湿两用吸尘器家用WD3 新品,1703366429, ,5.4kg,WD3,地板，地毯，瓷砖，厨房，沙发，床铺，汽车，酒店，工业,拖地功能，水洗滤网，一键断发，吸拖一体，尘袋式，干湿两用，除螨,桶式吸尘器,电源式（5米以下）,1000w-1399w,床褥沙发吸头，地面吸头，缝隙吸头，扁嘴吸头，毛刷吸头，小吸头，拖地附件，其他",10,床褥沙发吸头，地面吸头，缝隙吸头，扁嘴吸头，毛刷吸头，小吸头，拖地附件，其他,2300,10,凯驰（karcher）,凯驰专卖店,1703366429,【京东配送】原装进口karcher德国凯驰集团商用除螨 静音 干湿两用吸尘器家用WD3 新品,699.00,none
10000,none,93,299.00,东西不错 使用方便 还可以吧 速度快 榨汁很好 料理机很好 榨汁速度快 好清洗 出汁率很高 果汁细腻,"苏泊尔ZS43-250,1328030,3.12kg,中国 浙江 绍兴,12001转/分(含)-15000转/分(含),3人以下,料理/辅食机,二档(含)-五档(含),塑料,搅拌，榨汁，碎肉，研磨,旋钮式",300,none,10000,400,苏泊尔（SUPOR）,苏泊尔官方旗舰店,1328030,苏泊尔（SUPOR）榨汁机 料理机4合1功能ZS43-250,199.00,none
2500,冷暖,90,599.00,还可以吧 风扇不错 一般 水箱很大 外型好看 比风扇好 风挺大的 比空调省电 冷风效果好 尺寸合适 APP遥控 比空调省电 水箱很大 净化空气 冷风效果好,"先锋DG1218,838063,9.6kg,宁波慈溪,DG1218(LRG04-11FREC),7L以上,2-8小时,三档调节,正常风、自然风、睡眠风,冷暖,遥控式,横出风",70,none,2800,100,先锋（SINGFUN）,先锋两季品旗舰店,838063,先锋（Singfun）遥控冷暖空调扇/冷风扇/电风扇/取暖器/电暖气/电暖器DG1218 ,499.00,冷暖
100,落地扇，塔扇，空气循环扇,96,5191.00,风扇不错 适合宝宝 质量不错 安装方便 造型美观 颜色漂亮 睡眠风不错 底座很稳 噪音很小 安全节能 广角送风 适合宝宝 风扇不错 远程遥控 安全节能,"DYSONTP03白银,4840262,5.82kg,马来西亚,308045-01,8小时以上,五档以上,正常风、自然风、睡眠风,无叶,无,APP控制,落地扇，塔扇，空气循环扇",2,none,100,3,DYSON,戴森官方旗舰店,4840262,戴森(Dyson) TP03空气净化风扇/电风扇/塔扇 净化PM0.1和甲醛+强劲气流 循环空气 塔式智能 银白,5190.00,落地扇，塔扇，空气循环扇
2200,none,98,599.00,吸力很大 打扫干净 使用方便 电源线够长 吸尘很干净 质量不错 吸尘器不错 功率大 东西不错 吸头很多 功率大 质量不错 易收纳 吸力很大 东西不错 打扫干净 使用方便,"宝家丽VH-01,1322121,3.2kg,中国大陆,HEPA滤网（HEPA13及以上），水洗滤网，除螨,电源式（5米以下）,除螨仪",10,none,2300,40,宝家丽,宝家丽官方旗舰店,1322121,宝家丽小型手持床铺除螨仪高阶紫外线杀菌除螨机家用吸尘器VH-01,499.00,none
600,none,98,1399.00,,"美的WJS1222F,3549507,4.3kg,中国大陆,50-80转/分,按键式,原汁机,榨汁，豆浆,塑料",6,none,600,9,美的（Midea）,美的生活电器自营官方旗舰店,3549507,美的（Midea）原汁机慢速挤压 拆装方便易清洗榨汁机 食品材质WJS1222F,479.00,none
1600,单冷,94,2049.00,风挺大的 制冷效果好 冷风效果好 比风扇好 比空调省电 风扇不错 水箱很大 节能 送货快 噪音很小 节能 水箱很大 强效制冷 风挺大的 冷风效果好 节能 比风扇好 水箱很大 比空调省电 制冷效果好 加湿空气 可以驱蚊 大水箱 比风扇风大 节能,"多朗冷风扇DL-4500/6000水冷空调扇工业冷风机家用制冷风机/扇商用 4500风量-机械版,1502373247, ,20.0kg,7L以上,2-8小时,三档调节,正常风,单冷,机械式,横出风",50,none,1700,50,多朗,多朗旗舰店,1502373247,多朗冷风扇DL-4500/6000水冷空调扇工业冷风机家用制冷风机/扇商用 4500风量-机械版,798.00,单冷
62000,转页扇，台扇,94,129.00,风扇不错 还可以吧 质量不错 风很柔和 噪音很小 风力很大 造型美观 安全节能 底座很稳 安装方便 使用方便 遥控方便 风力很大 电机好 睡眠风不错,"康佳KF-25HY37,1093078,1.86kg,中国大陆,2小时以下,三档调节,正常风,5片,3级,机械式,转页扇，台扇",1000,none,66000,2400,康佳（KONKA）,康佳两季品旗舰店,1093078,康佳（KONKA）电风扇/台扇/五风叶/五扇叶台式转页扇KF-25HY37,59.90,转页扇，台扇
1000,none,99,399.00,使用方便 外观漂亮 小巧轻便 吸力很大 吸尘很干净 质量不错 打扫干净 电源线够长 吸尘器不错 功率大,"松下MC-WF350,3085665,2.55kg,中国,沙发，床铺,水洗尘杯，水洗滤网，除螨,除螨仪,电源式（5米-10米）,500W以下,床褥沙发吸头，缝隙吸头，小吸头",2,床褥沙发吸头，缝隙吸头，小吸头,1000,10,松下（Panasonic）,松下生活电器旗舰店,3085665,松下（Panasonic）吸尘器MC-WF350除螨手提式系列（乳白）,399.00,none
900,none,96,3999.00,榨汁很好 东西不错 速度快 榨汁速度快 果汁细腻 出汁率很高 绞肉不错 使用方便 声音小 料理机很好,"NUCOM240,1467364,9.95kg,中国大陆,榨汁",20,none,900,10,NUC,NUC官方旗舰店,1467364,韩国NUC 原汁机榨汁机第四代双口径省时省料 OM240,1999.00,none
400,单冷,93,499.00,净化空气 比风扇风大 外型好看 比风扇好 送货快 送冰晶 制冷效果好 冷风效果好 强效制冷 风挺大的 加了冰晶 智能操作 外型好看 制冷效果好 尺寸合适,"顺章 空调扇 单冷制冷移动小空调冷风机家用 加湿水冷风扇冷气扇2080 黑白间色,11375673059, ,5.1kg,中国大陆,3-5L,2-8小时,三档调节,正常风、自然风、睡眠风,单冷,遥控式,竖出风",10,none,400,10,顺章（SUNZONE）,顺章生活电器旗舰店,11375673059,顺章 空调扇 单冷制冷移动小空调冷风机家用 加湿水冷风扇冷气扇2080 黑白间色,399.00,单冷
600,落地扇，台扇，空气循环扇，风扇伴侣,99,2376.00,风很柔和 质量不错 噪音很小 造型美观 广角送风 电机好 安装方便 遥控方便 风扇不错 安全节能 造型美观 颜色漂亮,"森田SZ-GTR30H,4654148,6.92kg,中国上海,2-8小时,五档以上,正常风、自然风,7片及以上,1级,遥控式,落地扇，台扇，空气循环扇，风扇伴侣",3,none,600,9,森田（MORITA）,MORITA旗舰店,4654148,森田（MORITA）SZ-GTR30H  360°摇头智能电风扇/直流变频遥控落地扇/台立扇,998.00,落地扇，台扇，空气循环扇，风扇伴侣
500,none,100,1899.00,质量不错 打扫干净 吸尘器不错 外观漂亮 使用方便 小巧轻便 吸力很大 节能电机 吸尘很干净 配件齐全 易收纳 吸力很大 配件齐全 功率大 噪音小 质量不错 小巧轻便 吸力很大 功率大 配件齐全 吸尘很干净 易收纳 电源线够长 功率大 尘杯容量大 配件齐全 吸尘很干净 打扫干净 刷头多样 吸力很大 噪音小 打扫干净 质量不错 吸尘很干净 使用方便 吸力持久 电源线够长,"志高（CHIGO）车用吸尘器家用强力大功率手持式强力小型干湿两用吸尘机35L 1600W 35L,11557895164, ,8.5kg,地板，地毯，瓷砖，沙发，床铺，汽车，酒店,桶式吸尘器,电源式（5米-10米）,1400w-1799w,床褥沙发吸头，地面吸头，缝隙吸头，扁嘴吸头，毛刷吸头，小吸头，拖地附件",0,床褥沙发吸头，地面吸头，缝隙吸头，扁嘴吸头，毛刷吸头，小吸头，拖地附件,500,0,志高（CHIGO）,雅柯专营店,11557895164,志高（CHIGO）车用吸尘器家用强力大功率手持式强力小型干湿两用吸尘机35L 1600W 35L,659.00,none
60,none,98,2660.00,出汁率很高 速度快 榨汁速度快 声音小 还可以吧 出汁率很高,"澳大利亚铂富（Breville）BJE500 家用榨汁机大口径果汁机 304不绣钢原汁,1792158427, ,6.9kg,BJE500-XC,12001转/分(含)-15000转/分(含),旋钮式，按键式,原汁机，破壁机，电动榨汁机,榨汁,不锈钢",1,none,60,1,铂富（Breville）,Breville铂富旗舰店,1792158427,澳大利亚铂富（Breville）BJE500 家用榨汁机大口径果汁机 304不绣钢原汁,2299.00,none
200,冷暖,96,499.00,送货快 外型好看 尺寸合适 节能 智能操作 比风扇好 冷风效果好 声音小 强效制冷 加冰很凉快 加冰很凉快 智能操作 尺寸合适 声音小 噪音很小 加湿空气 冷风效果好 噪音很小 送货快 加冰很凉快,"荣事达KTS-LN20R,4899810,7.6kg,中国大陆,TM25K,5-7L,2-8小时,三档调节,正常风、自然风、睡眠风,冷暖,遥控式,竖出风",8,none,200,3,荣事达（Royalstar）,荣事达（Royalstar）两季品旗舰店,4899810,荣事达 (Royalstar) 遥控冷暖空调扇/冷风扇/电风扇/落地扇/取暖器/电暖器/暖风机家用移动空气净化加湿制冷风机TM25K（金色）,439.00,冷暖
6500,落地扇,97,399.00,安装方便 遥控方便 质量不错 风扇不错 风力很大 造型美观 使用方便 远程遥控 颜色漂亮 噪音很小 风力很大 遥控方便 电机好 扇网坚固 质量不错 底座很稳 广角送风 质量不错 安装方便 使用方便 广角送风 安装方便 底座很稳 质量不错 风扇不错 风力很大 使用方便 安装方便 电机好 风力很大 风力很大 安装方便 底座很稳 风扇不错 颜色漂亮 风很柔和 安全节能,"先锋DLD-D5,3912031,7.23kg,浙江宁波,DLD-D5,2-8小时,三档调节,正常风、自然风、睡眠风,7片及以上,1级,遥控式,落地扇",90,none,6700,100,先锋（SINGFUN）,先锋两季品旗舰店,3912031,先锋（Singfun）9叶遥控电风扇/落地扇DLD-D5 ,169.00,落地扇
30,none,100,4999.00,打扫干净 吸力持久 吸力很大 噪音小,"凯驰DS5.800,4835056,11.82kg,德国,地板，地毯，瓷砖，厨房，沙发，床铺，汽车，酒店,HEPA滤网（HEPA13及以上），水洗尘杯，水洗滤网，干湿两用,卧式吸尘器,电源式（5米-10米）,500w-999w,电动吸头，床褥沙发吸头，地面吸头，缝隙吸头，扁嘴吸头，毛刷吸头，小吸头，其他",0,电动吸头，床褥沙发吸头，地面吸头，缝隙吸头，扁嘴吸头，毛刷吸头，小吸头，其他,30,0,凯驰（karcher）,Karcher自营官方旗舰店,4835056,德国Karcher 水过滤吸尘器 原装进口DS5.800 家用静音,4490.00,none
1300,none,99,2380.00,料理机很好 榨汁速度快 果汁细腻 好清洗 出汁率很高 榨汁很好 使用方便 速度快 东西不错 声音小 好清洗 果汁细腻 东西不错 榨汁速度快 好清洗 使用方便 使用方便 榨汁速度快 声音小 档次高 好看 使用方便 榨汁速度快 好清洗 料理机很好 果汁细腻 速度快 东西不错 好清洗,"【京东配送】德国AOJING奥劲QT-0888E破壁机榨汁机家用破壁料理机豆浆绞肉机果汁机 枣红色,10113795751, ,8.1kg,QT-0888E,自动清洗,25000转/分及以上,触摸式,料理/辅食机,五档-八档(含),塑料,五谷类粉,3-5人",2,none,1400,8,奥劲（AOJING）,奥劲旗舰店,10113795751,【京东配送】德国AOJING奥劲QT-0888E破壁机榨汁机家用破壁料理机豆浆绞肉机果汁机 枣红色,999.00,none
200,单冷,93,569.00,风扇不错 外型好看 比空调省电 强效制冷 净化空气 加湿空气 APP遥控 智能操作 预约定时 比风扇好 制冷效果好 送货快 制冷效果好 比风扇好 制冷效果好 送货快 比风扇好 加了冰晶 冷风效果好 大水箱,"格力（RGEE）KS-0505D-WG空调扇移动单冷制冷风扇家用遥控环保节能冷气机,11403019438, ,10.7kg,中国大陆,KS-0505D-WG,3-5L,8小时以上,四档调节,正常风、自然风、睡眠风,单冷,遥控式,横出风",10,none,300,10,格力（GREE）,格力清力专卖店,11403019438,格力（RGEE）KS-0505D-WG空调扇移动单冷制冷风扇家用遥控环保节能冷气机,499.00,单冷
8000,落地扇,96,129.00,风扇不错 安装方便 质量不错 使用方便 风力很大 风很柔和 噪音很小 底座很稳 造型美观 颜色漂亮 噪音很小 风很柔和,"长城FS-35（710）,4579848,5.62kg,中国大陆,710,2小时以下,三档调节,正常风,5片,3级,机械式,落地扇",100,none,8300,100,长城（CHANGCHENG）,长城官方旗舰店,4579848,长城（CHANGCHENG）FS-35（710）电风扇/落地扇/炫酷五叶风扇/摇头电扇,99.00,落地扇
4300,none,100,1999.00,质量不错 吸尘器不错 吸力很大 打扫干净 使用方便 外观漂亮 吸尘很干净 吸力持久 配件齐全 小巧轻便 功率大 打扫干净 使用方便 节能电机 功率大 易收纳 吸力很大 质量不错 电源线够长 尘杯容量大 吸尘器不错 打扫干净 配件齐全 尘杯容量大 小巧轻便 配件齐全,"志高（CHIGO）车用吸尘器家用小型强力大功率地毯干湿两用手持式工业吸尘机除螨机 1200W 18L,11545454114, ,5.0kg,地板，地毯，沙发，床铺，汽车，酒店，工业,桶式吸尘器,电源式（5米-10米）,1000w-1399w,床褥沙发吸头，地面吸头，缝隙吸头，扁嘴吸头，毛刷吸头，小吸头，拖地附件",8,床褥沙发吸头，地面吸头，缝隙吸头，扁嘴吸头，毛刷吸头，小吸头，拖地附件,4300,3,志高（CHIGO）,雅柯专营店,11545454114,志高（CHIGO）车用吸尘器家用小型强力大功率地毯干湿两用手持式工业吸尘机除螨机 1200W 18L,399.00,none
2100,none,99,7980.00,使用方便 东西不错 榨汁速度快 料理机很好 果汁细腻 出汁率很高 榨汁很好 声音小 好清洗 速度快 使用方便 果汁细腻 辅食不错 榨汁速度快 速度快 料理机很好 好清洗 果汁细腻 榨汁速度快 声音小 料理机很好 声音小 料理机很好 果汁细腻 破壁机很好,"德国宝/GERMANPOOL 破壁料理机 榨汁机家用 豆浆机 多功能搅拌机 PRO-10S 葡萄紫,1653216115, ,6.8kg,PRO-10s,自动清洗,25000转/分及以上,旋钮式,料理/辅食机,八档以上,不锈钢，其他,搅拌，榨汁，碎肉，研磨，碎冰，五谷类粉,3-5人",10,none,2100,6,GERMANPOOL,德国宝（GERMANPOOL）专卖店,1653216115,德国宝/GERMANPOOL 破壁料理机 榨汁机家用 豆浆机 多功能搅拌机 PRO-10S 葡萄紫,2980.00,none
500,单冷,91,688.00,声音小 比风扇好 冷风效果好 风挺大的 风扇不错 噪音很小 比空调省电 制冷效果好 节能 智能操作 风扇不错,"多朗DL-01Y水冷塔扇单冷加湿制冷风扇遥控移动水冷气扇塔式电风扇静音,1577765158, ,5.8kg,3L以下,8小时以上,三档调节,正常风,单冷,遥控式,竖出风",20,none,500,20,多朗,多朗旗舰店,1577765158,多朗DL-01Y水冷塔扇单冷加湿制冷风扇遥控移动水冷气扇塔式电风扇静音,499.00,单冷
3100,落地扇,96,199.00,风力很大 安装方便 质量不错 噪音很小 使用方便 底座很稳 风扇不错 造型美观 广角送风 风很柔和,"美菱FS-40A（29）,4850028,5.8kg,中国大陆,2小时以下,三档调节,正常风,5片,2级,机械式,落地扇",50,none,3300,60,美菱（MeiLing）,美菱自营两季旗舰店,4850028,美菱（MeiLing）FS-40A（29） 五叶机械式电风扇/落地扇,109.00,落地扇
40,none,100,2599.00,吸力很大 功率大 吸尘器不错 吸尘很干净 使用方便 外观漂亮 打扫干净 配件齐全 吸力持久 不易缠发 刷头多样 吸力很大 外观漂亮 功率大 吸尘器不错 易收纳 使用方便 续航时间长,"泰怡凯A8 Pro,4136967,5.0kg,中国大陆,地板，地毯，瓷砖，厨房，沙发，床铺,EPA滤网（EPA12及以下），水洗尘杯，水洗滤网，旋风过滤,无线吸尘器,充电式（无线）,500W以下,电动吸头，地面吸头，缝隙吸头，毛刷吸头",0,电动吸头，地面吸头，缝隙吸头，毛刷吸头,40,0,泰怡凯（TEK）,泰怡凯官方旗舰店,4136967,泰怡凯（TEK）家用 手持式无线吸尘器 无绳车载吸尘 A8 Pro,2399.00,none
24000,none,97,1998.00,榨汁很好 出汁率很高 使用方便 东西不错 榨汁速度快 果汁细腻 好清洗 声音小 速度快 还可以吧 榨汁很好 果汁细腻 东西不错 果汁细腻 速度快 使用方便 料理机很好,"贝尔斯顿ZZJ-801,1066749,5.82kg,中国大陆,0-50转/分,按键式,原汁机,榨汁，豆腐，冰淇淋奶昔，豆浆，其他,塑料",200,none,24000,500,贝尔斯顿（Bestday）,贝尔斯顿官方旗舰店,1066749,贝尔斯顿（Bestday）榨汁机家用原汁多功能 ZZJ-801,498.00,none
